id,generation,rank,creation_mode,error,dem_fp,complexity,criterion,max_depth,min_samples_split,max_leaf_nodes,class_weight,actual_depth,actual_leaves
XLOLP6DO1S,1,0,inicialization,0.4126258524060282,0.057077625570776225,29,0.0,,2,,,29,1415
HJSFCJVV5S,1,0,inicialization,0.4182967553960505,0.024227773301101263,29,1.0,29,2,1415,,29,1415
WAIN0FP2N7,1,0,inicialization,0.48342554272919447,0.07899543378995433,23,0.0,28,36,770,2,23,268
ARLKJK0FM2,1,0,inicialization,0.4122407228670215,0.1886650550631211,5,0.0,5,18,830,6,5,32
EKZFCFRVTO,1,0,inicialization,0.39200182542243567,0.20620467365028206,13,1.0,13,31,135,3,13,135
934C5WOAYL,1,0,inicialization,0.4082353112608248,0.1277733011012625,21,0.0,21,4,1342,3,21,1200
B7VVU90NX5,1,0,inicialization,0.3355251354358211,0.179129734085415,14,0.0,19,35,104,5,14,104
QICSZV7ASV,1,0,inicialization,0.4569609764138426,0.09602471125436474,11,1.0,11,35,302,7,11,172
NHVBLQZEV5,1,0,inicialization,0.5270473485365413,0.05439161966156325,15,1.0,15,29,1341,8,15,285
RFEXGUM4AH,1,1,inicialization,0.4942707263777224,0.10558689229116305,23,1.0,24,15,1238,9,23,558
B7VVU90NX5,2,0,inicialization,0.3355251354358211,0.179129734085415,14,0.0,19,35,104,5,14,104
HJSFCJVV5S,2,0,inicialization,0.4182967553960505,0.024227773301101263,29,1.0,29,2,1415,,29,1415
2VHSAA4EOH,2,0,crossover,0.5015965085711614,0.03113080848777866,15,1.0,15,19,1341,8,15,380
ARLKJK0FM2,2,0,inicialization,0.4122407228670215,0.1886650550631211,5,0.0,5,18,830,6,5,32
A128W4VMG8,2,0,crossover,0.4083677661705968,0.05347837765243091,29,0.0,29,2,1415,,29,1408
9FQATV8QR8,2,0,crossover,0.3804502922774454,0.10343808756379269,23,0.0,29,12,1415,,23,621
QICSZV7ASV,2,0,inicialization,0.4569609764138426,0.09602471125436474,11,1.0,11,35,302,7,11,172
GJFVVQ5VXI,2,0,mutation,0.386752136226165,0.12406661294654853,12,0.0,12,8,983,,12,467
V1MZEAR13Y,2,0,crossover,0.4380956586097686,0.0733816814396992,20,1.0,20,10,1362,8,20,721
VE1AP6MBIF,2,0,mutation,0.40446068243083033,0.08845017459038418,17,1.0,17,10,692,3,17,657
2VHSAA4EOH,3,0,crossover,0.5015965085711614,0.03113080848777866,15,1.0,15,19,1341,8,15,380
B7VVU90NX5,3,0,inicialization,0.3355251354358211,0.179129734085415,14,0.0,19,35,104,5,14,104
HJSFCJVV5S,3,0,inicialization,0.4182967553960505,0.024227773301101263,29,1.0,29,2,1415,,29,1415
ARLKJK0FM2,3,0,inicialization,0.4122407228670215,0.1886650550631211,5,0.0,5,18,830,6,5,32
A128W4VMG8,3,0,crossover,0.4083677661705968,0.05347837765243091,29,0.0,29,2,1415,,29,1408
41VTBGVVMB,3,0,mutation,0.37673589707147936,0.1661294654848241,22,0.0,22,15,440,5,22,440
WRYV29E2AG,3,0,crossover,0.4714212153195414,0.11858716089175397,10,0.0,10,12,1089,7,10,233
V1MZEAR13Y,3,0,crossover,0.4380956586097686,0.0733816814396992,20,1.0,20,10,1362,8,20,721
GJFVVQ5VXI,3,0,mutation,0.386752136226165,0.12406661294654853,12,0.0,12,8,983,,12,467
0L9PXDCYJI,3,0,mutation,0.44796345384854774,0.051866774106903046,25,1.0,26,11,1396,8,25,684
2VHSAA4EOH,4,0,crossover,0.5015965085711614,0.03113080848777866,15,1.0,15,19,1341,8,15,380
B7VVU90NX5,4,0,inicialization,0.3355251354358211,0.179129734085415,14,0.0,19,35,104,5,14,104
67OKXWILF8,4,0,mutation,0.38660455343976796,0.20096696212731668,6,0.0,6,12,929,6,6,55
ONW4VS81OL,4,0,crossover,0.4169699363633095,8.058017727630151e-05,29,1.0,29,2,1415,,29,1415
ARLKJK0FM2,4,0,inicialization,0.4122407228670215,0.1886650550631211,5,0.0,5,18,830,6,5,32
A128W4VMG8,4,0,crossover,0.4083677661705968,0.05347837765243091,29,0.0,29,2,1415,,29,1408
0L9PXDCYJI,4,0,mutation,0.44796345384854774,0.051866774106903046,25,1.0,26,11,1396,8,25,684
41VTBGVVMB,4,0,mutation,0.37673589707147936,0.1661294654848241,22,0.0,22,15,440,5,22,440
0O2HC25S14,4,0,crossover,0.47245595455264044,0.08495836690840719,9,0.0,9,16,990,7,9,160
MNT58I683W,4,0,crossover,0.3927284790919554,0.10456621004566213,16,0.0,16,25,553,6,16,324
2VHSAA4EOH,5,0,crossover,0.5015965085711614,0.03113080848777866,15,1.0,15,19,1341,8,15,380
B7VVU90NX5,5,0,inicialization,0.3355251354358211,0.179129734085415,14,0.0,19,35,104,5,14,104
67OKXWILF8,5,0,mutation,0.38660455343976796,0.20096696212731668,6,0.0,6,12,929,6,6,55
ONW4VS81OL,5,0,crossover,0.4169699363633095,8.058017727630151e-05,29,1.0,29,2,1415,,29,1415
ARLKJK0FM2,5,0,inicialization,0.4122407228670215,0.1886650550631211,5,0.0,5,18,830,6,5,32
A128W4VMG8,5,0,crossover,0.4083677661705968,0.05347837765243091,29,0.0,29,2,1415,,29,1408
7NP20GLAJV,5,0,crossover,0.356256848194646,0.1406661294654848,16,0.0,20,23,211,5,16,211
0L9PXDCYJI,5,0,mutation,0.44796345384854774,0.051866774106903046,25,1.0,26,11,1396,8,25,684
0O2HC25S14,5,0,crossover,0.47245595455264044,0.08495836690840719,9,0.0,9,16,990,7,9,160
XA8OHZLAR1,5,0,crossover,0.41431966154867095,0.07260273972602738,13,0.0,13,7,1071,6,13,524
67OKXWILF8,6,0,mutation,0.38660455343976796,0.20096696212731668,6,0.0,6,12,929,6,6,55
ONW4VS81OL,6,0,crossover,0.4169699363633095,8.058017727630151e-05,29,1.0,29,2,1415,,29,1415
S2RW44OF4Y,6,0,crossover,0.5123161162496769,0.03507923717432179,13,1.0,13,18,1198,8,13,319
B7VVU90NX5,6,0,inicialization,0.3355251354358211,0.179129734085415,14,0.0,19,35,104,5,14,104
ARLKJK0FM2,6,0,inicialization,0.4122407228670215,0.1886650550631211,5,0.0,5,18,830,6,5,32
A128W4VMG8,6,0,crossover,0.4083677661705968,0.05347837765243091,29,0.0,29,2,1415,,29,1408
0L9PXDCYJI,6,0,mutation,0.44796345384854774,0.051866774106903046,25,1.0,26,11,1396,8,25,684
7NP20GLAJV,6,0,crossover,0.356256848194646,0.1406661294654848,16,0.0,20,23,211,5,16,211
NLFBAHG4LK,6,0,crossover,0.3599265567793375,0.17859253290357235,10,0.0,10,22,350,5,10,207
2VHSAA4EOH,6,0,crossover,0.5015965085711614,0.03113080848777866,15,1.0,15,19,1341,8,15,380
UNPCTN1AUB,7,0,crossover,0.5474936355248713,0.05965619124362073,8,0.0,8,15,1006,7,8,122
B7VVU90NX5,7,0,inicialization,0.3355251354358211,0.179129734085415,14,0.0,19,35,104,5,14,104
67OKXWILF8,7,0,mutation,0.38660455343976796,0.20096696212731668,6,0.0,6,12,929,6,6,55
ARLKJK0FM2,7,0,inicialization,0.4122407228670215,0.1886650550631211,5,0.0,5,18,830,6,5,32
ONW4VS81OL,7,0,crossover,0.4169699363633095,8.058017727630151e-05,29,1.0,29,2,1415,,29,1415
87SA4OGR9O,7,0,crossover,0.40473877692069327,0.01017996239591723,19,1.0,19,8,1257,,19,774
7NP20GLAJV,7,0,crossover,0.356256848194646,0.1406661294654848,16,0.0,20,23,211,5,16,211
BNRUWF5BF6,7,0,crossover,0.4660274145554304,0.1440504969110932,11,1.0,11,15,1121,7,11,258
S2RW44OF4Y,7,0,crossover,0.5123161162496769,0.03507923717432179,13,1.0,13,18,1198,8,13,319
NLFBAHG4LK,7,0,crossover,0.3599265567793375,0.17859253290357235,10,0.0,10,22,350,5,10,207
UNPCTN1AUB,8,0,crossover,0.5474936355248713,0.05965619124362073,8,0.0,8,15,1006,7,8,122
B7VVU90NX5,8,0,inicialization,0.3355251354358211,0.179129734085415,14,0.0,19,35,104,5,14,104
67OKXWILF8,8,0,mutation,0.38660455343976796,0.20096696212731668,6,0.0,6,12,929,6,6,55
ARLKJK0FM2,8,0,inicialization,0.4122407228670215,0.1886650550631211,5,0.0,5,18,830,6,5,32
ONW4VS81OL,8,0,crossover,0.4169699363633095,8.058017727630151e-05,29,1.0,29,2,1415,,29,1415
87SA4OGR9O,8,0,crossover,0.40473877692069327,0.01017996239591723,19,1.0,19,8,1257,,19,774
S2RW44OF4Y,8,0,crossover,0.5123161162496769,0.03507923717432179,13,1.0,13,18,1198,8,13,319
BNRUWF5BF6,8,0,crossover,0.4660274145554304,0.1440504969110932,11,1.0,11,15,1121,7,11,258
RS5WTHWENF,8,0,mutation,0.4007540355647683,0.09024979854955684,13,0.0,13,27,502,6,13,247
PEJ2QMB04T,8,0,crossover,0.389302649445848,0.11265108783239319,12,0.0,12,6,1151,,12,514
UNPCTN1AUB,9,0,crossover,0.5474936355248713,0.05965619124362073,8,0.0,8,15,1006,7,8,122
B7VVU90NX5,9,0,inicialization,0.3355251354358211,0.179129734085415,14,0.0,19,35,104,5,14,104
67OKXWILF8,9,0,mutation,0.38660455343976796,0.20096696212731668,6,0.0,6,12,929,6,6,55
ARLKJK0FM2,9,0,inicialization,0.4122407228670215,0.1886650550631211,5,0.0,5,18,830,6,5,32
ONW4VS81OL,9,0,crossover,0.4169699363633095,8.058017727630151e-05,29,1.0,29,2,1415,,29,1415
9ZS4KKY3X2,9,0,mutation,0.3765446498353813,0.1302175664786463,19,0.0,19,13,454,,19,454
S2RW44OF4Y,9,0,crossover,0.5123161162496769,0.03507923717432179,13,1.0,13,18,1198,8,13,319
BNRUWF5BF6,9,0,crossover,0.4660274145554304,0.1440504969110932,11,1.0,11,15,1121,7,11,258
JP34NBMKQ9,9,0,crossover,0.4640218224099957,0.1613483749664249,10,1.0,10,18,1017,7,10,197
87SA4OGR9O,9,0,crossover,0.40473877692069327,0.01017996239591723,19,1.0,19,8,1257,,19,774
UNPCTN1AUB,10,0,crossover,0.5474936355248713,0.05965619124362073,8,0.0,8,15,1006,7,8,122
B7VVU90NX5,10,0,inicialization,0.3355251354358211,0.179129734085415,14,0.0,19,35,104,5,14,104
M2G55FRI9P,10,0,crossover,0.3782147317471093,0.20290088638195003,6,0.0,6,16,908,6,6,54
ARLKJK0FM2,10,0,inicialization,0.4122407228670215,0.1886650550631211,5,0.0,5,18,830,6,5,32
ONW4VS81OL,10,0,crossover,0.4169699363633095,8.058017727630151e-05,29,1.0,29,2,1415,,29,1415
S2RW44OF4Y,10,0,crossover,0.5123161162496769,0.03507923717432179,13,1.0,13,18,1198,8,13,319
9ZS4KKY3X2,10,0,mutation,0.3765446498353813,0.1302175664786463,19,0.0,19,13,454,,19,454
WWZ4C0BV8B,10,0,mutation,0.4536657597367073,0.09927477840451249,7,0.0,7,17,928,7,7,78
Y5WMAKFJXE,10,0,crossover,0.41499855839224564,0.009481600859521877,26,1.0,26,9,995,,26,769
BAB9754XKH,10,0,crossover,0.39437028285282294,0.0931506849315068,16,0.0,16,26,737,6,16,311
UNPCTN1AUB,11,0,crossover,0.5474936355248713,0.05965619124362073,8,0.0,8,15,1006,7,8,122
B7VVU90NX5,11,0,inicialization,0.3355251354358211,0.179129734085415,14,0.0,19,35,104,5,14,104
JEJXJLE6V8,11,0,mutation,0.3782147317471093,0.20290088638195003,6,0.0,6,16,917,6,6,54
ARLKJK0FM2,11,0,inicialization,0.4122407228670215,0.1886650550631211,5,0.0,5,18,830,6,5,32
ONW4VS81OL,11,0,crossover,0.4169699363633095,8.058017727630151e-05,29,1.0,29,2,1415,,29,1415
S2RW44OF4Y,11,0,crossover,0.5123161162496769,0.03507923717432179,13,1.0,13,18,1198,8,13,319
JWTI4B5DV4,11,0,crossover,0.3710518556512311,0.16384636046199308,22,0.0,23,18,521,,22,439
9ZS4KKY3X2,11,0,mutation,0.3765446498353813,0.1302175664786463,19,0.0,19,13,454,,19,454
Y5WMAKFJXE,11,0,crossover,0.41499855839224564,0.009481600859521877,26,1.0,26,9,995,,26,769
MOD4ZBUFAD,11,0,mutation,0.3543101356545827,0.18772495299489655,10,0.0,10,26,490,5,10,191
UNPCTN1AUB,12,0,crossover,0.5474936355248713,0.05965619124362073,8,0.0,8,15,1006,7,8,122
B7VVU90NX5,12,0,inicialization,0.3355251354358211,0.179129734085415,14,0.0,19,35,104,5,14,104
JEJXJLE6V8,12,0,mutation,0.3782147317471093,0.20290088638195003,6,0.0,6,16,917,6,6,54
ARLKJK0FM2,12,0,inicialization,0.4122407228670215,0.1886650550631211,5,0.0,5,18,830,6,5,32
ONW4VS81OL,12,0,crossover,0.4169699363633095,8.058017727630151e-05,29,1.0,29,2,1415,,29,1415
S2RW44OF4Y,12,0,crossover,0.5123161162496769,0.03507923717432179,13,1.0,13,18,1198,8,13,319
P87SRH04AF,12,0,crossover,0.4201061011309032,0.07391888262154178,18,0.0,18,8,1129,7,18,748
JWTI4B5DV4,12,0,crossover,0.3710518556512311,0.16384636046199308,22,0.0,23,18,521,,22,439
TJH39LKFY7,12,0,mutation,0.3810474487609973,0.11976900349180764,23,0.0,23,13,589,,23,571
9ZS4KKY3X2,12,0,mutation,0.3765446498353813,0.1302175664786463,19,0.0,19,13,454,,19,454
B7VVU90NX5,13,0,inicialization,0.3355251354358211,0.179129734085415,14,0.0,19,35,104,5,14,104
UNPCTN1AUB,13,0,crossover,0.5474936355248713,0.05965619124362073,8,0.0,8,15,1006,7,8,122
JEJXJLE6V8,13,0,mutation,0.3782147317471093,0.20290088638195003,6,0.0,6,16,917,6,6,54
ARLKJK0FM2,13,0,inicialization,0.4122407228670215,0.1886650550631211,5,0.0,5,18,830,6,5,32
ONW4VS81OL,13,0,crossover,0.4169699363633095,8.058017727630151e-05,29,1.0,29,2,1415,,29,1415
S2RW44OF4Y,13,0,crossover,0.5123161162496769,0.03507923717432179,13,1.0,13,18,1198,8,13,319
XY95UUCGPD,13,0,crossover,0.45498064549450346,0.09699167338168146,7,0.0,7,16,977,7,7,80
9ZS4KKY3X2,13,0,mutation,0.3765446498353813,0.1302175664786463,19,0.0,19,13,454,,19,454
JWTI4B5DV4,13,0,crossover,0.3710518556512311,0.16384636046199308,22,0.0,23,18,521,,22,439
WTJYENKOMF,13,0,crossover,0.3749637947611245,0.07990867579908678,23,0.0,23,13,742,,23,578
MLAAK1LM9T,14,0,mutation,0.5634835322308007,0.010045662100456598,11,1.0,11,14,1138,8,11,270
B7VVU90NX5,14,0,inicialization,0.3355251354358211,0.179129734085415,14,0.0,19,35,104,5,14,104
JEJXJLE6V8,14,0,mutation,0.3782147317471093,0.20290088638195003,6,0.0,6,16,917,6,6,54
ARLKJK0FM2,14,0,inicialization,0.4122407228670215,0.1886650550631211,5,0.0,5,18,830,6,5,32
ONW4VS81OL,14,0,crossover,0.4169699363633095,8.058017727630151e-05,29,1.0,29,2,1415,,29,1415
S2RW44OF4Y,14,0,crossover,0.5123161162496769,0.03507923717432179,13,1.0,13,18,1198,8,13,319
XY95UUCGPD,14,0,crossover,0.45498064549450346,0.09699167338168146,7,0.0,7,16,977,7,7,80
WTJYENKOMF,14,0,crossover,0.3749637947611245,0.07990867579908678,23,0.0,23,13,742,,23,578
9ZS4KKY3X2,14,0,mutation,0.3765446498353813,0.1302175664786463,19,0.0,19,13,454,,19,454
SE4PLUY918,14,0,crossover,0.35712852477107326,0.16322857910287408,10,0.0,10,23,427,5,10,201
B7VVU90NX5,15,0,inicialization,0.3355251354358211,0.179129734085415,14,0.0,19,35,104,5,14,104
MLAAK1LM9T,15,0,mutation,0.5634835322308007,0.010045662100456598,11,1.0,11,14,1138,8,11,270
JEJXJLE6V8,15,0,mutation,0.3782147317471093,0.20290088638195003,6,0.0,6,16,917,6,6,54
ARLKJK0FM2,15,0,inicialization,0.4122407228670215,0.1886650550631211,5,0.0,5,18,830,6,5,32
ONW4VS81OL,15,0,crossover,0.4169699363633095,8.058017727630151e-05,29,1.0,29,2,1415,,29,1415
S2RW44OF4Y,15,0,crossover,0.5123161162496769,0.03507923717432179,13,1.0,13,18,1198,8,13,319
WTJYENKOMF,15,0,crossover,0.3749637947611245,0.07990867579908678,23,0.0,23,13,742,,23,578
9ZS4KKY3X2,15,0,mutation,0.3765446498353813,0.1302175664786463,19,0.0,19,13,454,,19,454
XY95UUCGPD,15,0,crossover,0.45498064549450346,0.09699167338168146,7,0.0,7,16,977,7,7,80
9MGJMQPTI7,15,0,mutation,0.47205645124249007,0.08495836690840719,9,0.0,9,17,808,7,9,158
B7VVU90NX5,16,0,inicialization,0.3355251354358211,0.179129734085415,14,0.0,19,35,104,5,14,104
2OL80U241Y,16,0,crossover,0.5660145836834893,0.021810367982809553,10,1.0,10,16,1051,8,10,214
KQTH4HY0G3,16,0,crossover,0.3782147317471093,0.20290088638195003,6,0.0,6,17,885,6,6,54
ARLKJK0FM2,16,0,inicialization,0.4122407228670215,0.1886650550631211,5,0.0,5,18,830,6,5,32
ONW4VS81OL,16,0,crossover,0.4169699363633095,8.058017727630151e-05,29,1.0,29,2,1415,,29,1415
WTJYENKOMF,16,0,crossover,0.3749637947611245,0.07990867579908678,23,0.0,23,13,742,,23,578
S2RW44OF4Y,16,0,crossover,0.5123161162496769,0.03507923717432179,13,1.0,13,18,1198,8,13,319
9ZS4KKY3X2,16,0,mutation,0.3765446498353813,0.1302175664786463,19,0.0,19,13,454,,19,454
9MGJMQPTI7,16,0,mutation,0.47205645124249007,0.08495836690840719,9,0.0,9,17,808,7,9,158
AIYLXCL8OK,16,0,mutation,0.39484435706805376,0.09868385710448568,15,0.0,15,21,470,6,15,346
B7VVU90NX5,17,0,inicialization,0.3355251354358211,0.179129734085415,14,0.0,19,35,104,5,14,104
2OL80U241Y,17,0,crossover,0.5660145836834893,0.021810367982809553,10,1.0,10,16,1051,8,10,214
F3PX8HK68R,17,0,crossover,0.3782147317471093,0.20290088638195003,6,0.0,6,18,861,6,6,54
ARLKJK0FM2,17,0,inicialization,0.4122407228670215,0.1886650550631211,5,0.0,5,18,830,6,5,32
ONW4VS81OL,17,0,crossover,0.4169699363633095,8.058017727630151e-05,29,1.0,29,2,1415,,29,1415
FPGO463HV9,17,0,crossover,0.4527734420854225,0.041418211120064496,24,1.0,24,12,1304,8,24,652
S2RW44OF4Y,17,0,crossover,0.5123161162496769,0.03507923717432179,13,1.0,13,18,1198,8,13,319
WTJYENKOMF,17,0,crossover,0.3749637947611245,0.07990867579908678,23,0.0,23,13,742,,23,578
R1UJLDD2EI,17,0,crossover,0.3761322513097176,0.14163309159280152,18,0.0,18,15,814,,18,502
AIYLXCL8OK,17,0,mutation,0.39484435706805376,0.09868385710448568,15,0.0,15,21,470,6,15,346
2OL80U241Y,18,0,crossover,0.5660145836834893,0.021810367982809553,10,1.0,10,16,1051,8,10,214
B7VVU90NX5,18,0,inicialization,0.3355251354358211,0.179129734085415,14,0.0,19,35,104,5,14,104
F3PX8HK68R,18,0,crossover,0.3782147317471093,0.20290088638195003,6,0.0,6,18,861,6,6,54
ARLKJK0FM2,18,0,inicialization,0.4122407228670215,0.1886650550631211,5,0.0,5,18,830,6,5,32
ONW4VS81OL,18,0,crossover,0.4169699363633095,8.058017727630151e-05,29,1.0,29,2,1415,,29,1415
WTJYENKOMF,18,0,crossover,0.3749637947611245,0.07990867579908678,23,0.0,23,13,742,,23,578
S2RW44OF4Y,18,0,crossover,0.5123161162496769,0.03507923717432179,13,1.0,13,18,1198,8,13,319
I6GFPMR00H,18,0,crossover,0.36708560988015915,0.12170292774644109,14,0.0,14,15,925,,14,432
OC0U9PZQB4,18,0,crossover,0.4776751898031004,0.04281493419285526,16,1.0,16,15,1248,8,16,470
PFAF61IP6K,18,0,mutation,0.4089146898531283,0.0016653236637120816,18,1.0,18,7,1226,,18,800
2OL80U241Y,19,0,crossover,0.5660145836834893,0.021810367982809553,10,1.0,10,16,1051,8,10,214
B7VVU90NX5,19,0,inicialization,0.3355251354358211,0.179129734085415,14,0.0,19,35,104,5,14,104
F3PX8HK68R,19,0,crossover,0.3782147317471093,0.20290088638195003,6,0.0,6,18,861,6,6,54
ARLKJK0FM2,19,0,inicialization,0.4122407228670215,0.1886650550631211,5,0.0,5,18,830,6,5,32
ONW4VS81OL,19,0,crossover,0.4169699363633095,8.058017727630151e-05,29,1.0,29,2,1415,,29,1415
I6GFPMR00H,19,0,crossover,0.36708560988015915,0.12170292774644109,14,0.0,14,15,925,,14,432
OC0U9PZQB4,19,0,crossover,0.4776751898031004,0.04281493419285526,16,1.0,16,15,1248,8,16,470
WTJYENKOMF,19,0,crossover,0.3749637947611245,0.07990867579908678,23,0.0,23,13,742,,23,578
S2RW44OF4Y,19,0,crossover,0.5123161162496769,0.03507923717432179,13,1.0,13,18,1198,8,13,319
8T8RJUTTBR,19,0,crossover,0.3873644441700731,0.06849315068493156,19,0.0,19,9,912,,19,719
2OL80U241Y,20,0,crossover,0.5660145836834893,0.021810367982809553,10,1.0,10,16,1051,8,10,214
B7VVU90NX5,20,0,inicialization,0.3355251354358211,0.179129734085415,14,0.0,19,35,104,5,14,104
3QKWLBGD6S,20,0,crossover,0.3782147317471093,0.20290088638195003,6,0.0,6,18,848,6,6,54
ARLKJK0FM2,20,0,inicialization,0.4122407228670215,0.1886650550631211,5,0.0,5,18,830,6,5,32
ONW4VS81OL,20,0,crossover,0.4169699363633095,8.058017727630151e-05,29,1.0,29,2,1415,,29,1415
S2RW44OF4Y,20,0,crossover,0.5123161162496769,0.03507923717432179,13,1.0,13,18,1198,8,13,319
8T8RJUTTBR,20,0,crossover,0.3873644441700731,0.06849315068493156,19,0.0,19,9,912,,19,719
WTJYENKOMF,20,0,crossover,0.3749637947611245,0.07990867579908678,23,0.0,23,13,742,,23,578
OC0U9PZQB4,20,0,crossover,0.4776751898031004,0.04281493419285526,16,1.0,16,15,1248,8,16,470
ZVTYE590WJ,20,0,crossover,0.4258643404530553,0.1491539081385979,8,1.0,8,17,964,7,8,114
2OL80U241Y,21,0,crossover,0.5660145836834893,0.021810367982809553,10,1.0,10,16,1051,8,10,214
B7VVU90NX5,21,0,inicialization,0.3355251354358211,0.179129734085415,14,0.0,19,35,104,5,14,104
3QKWLBGD6S,21,0,crossover,0.3782147317471093,0.20290088638195003,6,0.0,6,18,848,6,6,54
ARLKJK0FM2,21,0,inicialization,0.4122407228670215,0.1886650550631211,5,0.0,5,18,830,6,5,32
ONW4VS81OL,21,0,crossover,0.4169699363633095,8.058017727630151e-05,29,1.0,29,2,1415,,29,1415
WTJYENKOMF,21,0,crossover,0.3749637947611245,0.07990867579908678,23,0.0,23,13,742,,23,578
S2RW44OF4Y,21,0,crossover,0.5123161162496769,0.03507923717432179,13,1.0,13,18,1198,8,13,319
OC0U9PZQB4,21,0,crossover,0.4776751898031004,0.04281493419285526,16,1.0,16,15,1248,8,16,470
ZVTYE590WJ,21,0,crossover,0.4258643404530553,0.1491539081385979,8,1.0,8,17,964,7,8,114
I68M7POKNX,21,0,mutation,0.39127241242551736,0.1258125167875369,14,0.0,14,27,503,6,14,269
2OL80U241Y,22,0,crossover,0.5660145836834893,0.021810367982809553,10,1.0,10,16,1051,8,10,214
B7VVU90NX5,22,0,inicialization,0.3355251354358211,0.179129734085415,14,0.0,19,35,104,5,14,104
3QKWLBGD6S,22,0,crossover,0.3782147317471093,0.20290088638195003,6,0.0,6,18,848,6,6,54
ARLKJK0FM2,22,0,inicialization,0.4122407228670215,0.1886650550631211,5,0.0,5,18,830,6,5,32
ONW4VS81OL,22,0,crossover,0.4169699363633095,8.058017727630151e-05,29,1.0,29,2,1415,,29,1415
5EP23GI0TR,22,0,crossover,0.39330497030187994,0.03977974751544455,23,1.0,23,10,1308,,23,721
S2RW44OF4Y,22,0,crossover,0.5123161162496769,0.03507923717432179,13,1.0,13,18,1198,8,13,319
WTJYENKOMF,22,0,crossover,0.3749637947611245,0.07990867579908678,23,0.0,23,13,742,,23,578
ZT4XUTUOBL,22,0,crossover,0.45498064549450346,0.09699167338168146,7,0.0,7,17,920,7,7,78
7DO5JQ0INO,22,0,crossover,0.36322900125768964,0.1569970453934999,11,0.0,11,22,292,5,11,249
B7VVU90NX5,23,0,inicialization,0.3355251354358211,0.179129734085415,14,0.0,19,35,104,5,14,104
HHOHPPXS71,23,0,crossover,0.5675944411889342,0.005479452054794498,11,1.0,11,17,1120,8,11,252
3QKWLBGD6S,23,0,crossover,0.3782147317471093,0.20290088638195003,6,0.0,6,18,848,6,6,54
ARLKJK0FM2,23,0,inicialization,0.4122407228670215,0.1886650550631211,5,0.0,5,18,830,6,5,32
ONW4VS81OL,23,0,crossover,0.4169699363633095,8.058017727630151e-05,29,1.0,29,2,1415,,29,1415
B5ODAZLQFW,23,0,mutation,0.46772732558457064,0.05159817351598173,19,1.0,19,16,1067,8,19,511
2OL80U241Y,23,0,crossover,0.5660145836834893,0.021810367982809553,10,1.0,10,16,1051,8,10,214
WTJYENKOMF,23,0,crossover,0.3749637947611245,0.07990867579908678,23,0.0,23,13,742,,23,578
OEUZK0TIS6,23,0,crossover,0.5157642297674299,0.0527262959978512,12,1.0,12,17,1129,8,12,295
7DO5JQ0INO,23,0,crossover,0.36322900125768964,0.1569970453934999,11,0.0,11,22,292,5,11,249
B7VVU90NX5,24,0,inicialization,0.3355251354358211,0.179129734085415,14,0.0,19,35,104,5,14,104
HHOHPPXS71,24,0,crossover,0.5675944411889342,0.005479452054794498,11,1.0,11,17,1120,8,11,252
UG12J9JH0C,24,0,crossover,0.3782147317471093,0.20290088638195003,6,0.0,6,18,843,6,6,54
ARLKJK0FM2,24,0,inicialization,0.4122407228670215,0.1886650550631211,5,0.0,5,18,830,6,5,32
ONW4VS81OL,24,0,crossover,0.4169699363633095,8.058017727630151e-05,29,1.0,29,2,1415,,29,1415
B5ODAZLQFW,24,0,mutation,0.46772732558457064,0.05159817351598173,19,1.0,19,16,1067,8,19,511
WTJYENKOMF,24,0,crossover,0.3749637947611245,0.07990867579908678,23,0.0,23,13,742,,23,578
Z63IKP7IJ9,24,0,mutation,0.38648219464138434,0.10421702927746446,15,0.0,15,24,598,6,15,315
OEUZK0TIS6,24,0,crossover,0.5157642297674299,0.0527262959978512,12,1.0,12,17,1129,8,12,295
2OL80U241Y,24,0,crossover,0.5660145836834893,0.021810367982809553,10,1.0,10,16,1051,8,10,214
UG12J9JH0C,25,0,crossover,0.3782147317471093,0.20290088638195003,6,0.0,6,18,843,6,6,54
HHOHPPXS71,25,0,crossover,0.5675944411889342,0.005479452054794498,11,1.0,11,17,1120,8,11,252
B7VVU90NX5,25,0,inicialization,0.3355251354358211,0.179129734085415,14,0.0,19,35,104,5,14,104
ARLKJK0FM2,25,0,inicialization,0.4122407228670215,0.1886650550631211,5,0.0,5,18,830,6,5,32
ONW4VS81OL,25,0,crossover,0.4169699363633095,8.058017727630151e-05,29,1.0,29,2,1415,,29,1415
2OL80U241Y,25,0,crossover,0.5660145836834893,0.021810367982809553,10,1.0,10,16,1051,8,10,214
B5ODAZLQFW,25,0,mutation,0.46772732558457064,0.05159817351598173,19,1.0,19,16,1067,8,19,511
OEUZK0TIS6,25,0,crossover,0.5157642297674299,0.0527262959978512,12,1.0,12,17,1129,8,12,295
WTJYENKOMF,25,0,crossover,0.3749637947611245,0.07990867579908678,23,0.0,23,13,742,,23,578
C3UR0ZT0Z6,25,0,crossover,0.3657040661608204,0.16059629331184533,12,0.0,12,14,769,,12,360
HHOHPPXS71,26,0,crossover,0.5675944411889342,0.005479452054794498,11,1.0,11,17,1120,8,11,252
B7VVU90NX5,26,0,inicialization,0.3355251354358211,0.179129734085415,14,0.0,19,35,104,5,14,104
UG12J9JH0C,26,0,crossover,0.3782147317471093,0.20290088638195003,6,0.0,6,18,843,6,6,54
ARLKJK0FM2,26,0,inicialization,0.4122407228670215,0.1886650550631211,5,0.0,5,18,830,6,5,32
ONW4VS81OL,26,0,crossover,0.4169699363633095,8.058017727630151e-05,29,1.0,29,2,1415,,29,1415
B5ODAZLQFW,26,0,mutation,0.46772732558457064,0.05159817351598173,19,1.0,19,16,1067,8,19,511
WTJYENKOMF,26,0,crossover,0.3749637947611245,0.07990867579908678,23,0.0,23,13,742,,23,578
LQU6YPYU4R,26,0,mutation,0.5528061512092028,0.05280687617512758,8,0.0,8,17,971,7,8,114
9BH4ROCGNE,26,0,crossover,0.36854359189462915,0.1412839108246038,15,0.0,15,16,803,,15,432
OEUZK0TIS6,26,0,crossover,0.5157642297674299,0.0527262959978512,12,1.0,12,17,1129,8,12,295
HHOHPPXS71,27,0,crossover,0.5675944411889342,0.005479452054794498,11,1.0,11,17,1120,8,11,252
B7VVU90NX5,27,0,inicialization,0.3355251354358211,0.179129734085415,14,0.0,19,35,104,5,14,104
UG12J9JH0C,27,0,crossover,0.3782147317471093,0.20290088638195003,6,0.0,6,18,843,6,6,54
ARLKJK0FM2,27,0,inicialization,0.4122407228670215,0.1886650550631211,5,0.0,5,18,830,6,5,32
ONW4VS81OL,27,0,crossover,0.4169699363633095,8.058017727630151e-05,29,1.0,29,2,1415,,29,1415
OEUZK0TIS6,27,0,crossover,0.5157642297674299,0.0527262959978512,12,1.0,12,17,1129,8,12,295
LQU6YPYU4R,27,0,mutation,0.5528061512092028,0.05280687617512758,8,0.0,8,17,971,7,8,114
TXY4MSGFEM,27,0,crossover,0.4016093643122066,0.04434595756110671,16,0.0,16,6,980,,16,831
R4ZUZO1ZLN,27,0,crossover,0.3749108152645819,0.13803384367445604,22,0.0,22,15,754,,22,517
XBW1C38U5T,27,0,crossover,0.38765460359931514,0.07894171367177005,18,1.0,18,16,939,,18,481
B7VVU90NX5,28,0,inicialization,0.3355251354358211,0.179129734085415,14,0.0,19,35,104,5,14,104
HHOHPPXS71,28,0,crossover,0.5675944411889342,0.005479452054794498,11,1.0,11,17,1120,8,11,252
UG12J9JH0C,28,0,crossover,0.3782147317471093,0.20290088638195003,6,0.0,6,18,843,6,6,54
ARLKJK0FM2,28,0,inicialization,0.4122407228670215,0.1886650550631211,5,0.0,5,18,830,6,5,32
ONW4VS81OL,28,0,crossover,0.4169699363633095,8.058017727630151e-05,29,1.0,29,2,1415,,29,1415
R4ZUZO1ZLN,28,0,crossover,0.3749108152645819,0.13803384367445604,22,0.0,22,15,754,,22,517
OEUZK0TIS6,28,0,crossover,0.5157642297674299,0.0527262959978512,12,1.0,12,17,1129,8,12,295
XBW1C38U5T,28,0,crossover,0.38765460359931514,0.07894171367177005,18,1.0,18,16,939,,18,481
W8Q8QZ5MPC,28,0,crossover,0.46932866774687276,0.16038141283910826,10,1.0,10,18,1042,7,10,197
EFYSLNWUNL,28,0,crossover,0.47107675208019184,0.08724147193123827,9,0.0,9,17,1034,7,9,158
HHOHPPXS71,29,0,crossover,0.5675944411889342,0.005479452054794498,11,1.0,11,17,1120,8,11,252
B7VVU90NX5,29,0,inicialization,0.3355251354358211,0.179129734085415,14,0.0,19,35,104,5,14,104
UG12J9JH0C,29,0,crossover,0.3782147317471093,0.20290088638195003,6,0.0,6,18,843,6,6,54
ARLKJK0FM2,29,0,inicialization,0.4122407228670215,0.1886650550631211,5,0.0,5,18,830,6,5,32
ONW4VS81OL,29,0,crossover,0.4169699363633095,8.058017727630151e-05,29,1.0,29,2,1415,,29,1415
OEUZK0TIS6,29,0,crossover,0.5157642297674299,0.0527262959978512,12,1.0,12,17,1129,8,12,295
EFYSLNWUNL,29,0,crossover,0.47107675208019184,0.08724147193123827,9,0.0,9,17,1034,7,9,158
R4ZUZO1ZLN,29,0,crossover,0.3749108152645819,0.13803384367445604,22,0.0,22,15,754,,22,517
2RRMMPBCB4,29,0,crossover,0.38596423945807334,0.11861402095084611,14,0.0,14,30,645,6,14,251
ECNQFLJTZY,29,0,crossover,0.353893135905175,0.15734622616169763,10,0.0,10,23,289,5,10,200
B7VVU90NX5,30,0,inicialization,0.3355251354358211,0.179129734085415,14,0.0,19,35,104,5,14,104
UG12J9JH0C,30,0,crossover,0.3782147317471093,0.20290088638195003,6,0.0,6,18,843,6,6,54
20NDID7AXT,30,0,crossover,0.5690263870797226,0.003196347031963448,11,1.0,11,17,1123,8,11,252
ARLKJK0FM2,30,0,inicialization,0.4122407228670215,0.1886650550631211,5,0.0,5,18,830,6,5,32
ONW4VS81OL,30,0,crossover,0.4169699363633095,8.058017727630151e-05,29,1.0,29,2,1415,,29,1415
R4ZUZO1ZLN,30,0,crossover,0.3749108152645819,0.13803384367445604,22,0.0,22,15,754,,22,517
EFYSLNWUNL,30,0,crossover,0.47107675208019184,0.08724147193123827,9,0.0,9,17,1034,7,9,158
OEUZK0TIS6,30,0,crossover,0.5157642297674299,0.0527262959978512,12,1.0,12,17,1129,8,12,295
BP4H40WHWL,30,0,crossover,0.405547843555379,0.04662906258393773,16,0.0,16,6,1057,,16,830
H8566J0F42,30,0,mutation,0.5334388943800745,0.04525919957023905,12,1.0,12,27,1126,8,12,227
20NDID7AXT,31,0,crossover,0.5690263870797226,0.003196347031963448,11,1.0,11,17,1123,8,11,252
B7VVU90NX5,31,0,inicialization,0.3355251354358211,0.179129734085415,14,0.0,19,35,104,5,14,104
9CBIU0Z0WU,31,0,crossover,0.3782147317471093,0.20290088638195003,6,0.0,6,18,838,6,6,54
ARLKJK0FM2,31,0,inicialization,0.4122407228670215,0.1886650550631211,5,0.0,5,18,830,6,5,32
ONW4VS81OL,31,0,crossover,0.4169699363633095,8.058017727630151e-05,29,1.0,29,2,1415,,29,1415
NP15S7KFJ4,31,0,crossover,0.3727741859348086,0.132849852269675,18,0.0,18,24,584,,18,344
EFYSLNWUNL,31,0,crossover,0.47107675208019184,0.08724147193123827,9,0.0,9,17,1034,7,9,158
MW3OSI9PEX,31,0,crossover,0.43975022285858867,0.03843674456083801,17,1.0,17,6,1238,8,17,810
OEUZK0TIS6,31,0,crossover,0.5157642297674299,0.0527262959978512,12,1.0,12,17,1129,8,12,295
1JHB08GAVW,31,0,crossover,0.38111343869148384,0.17236099919419828,17,0.0,17,17,577,5,17,440
20NDID7AXT,32,0,crossover,0.5690263870797226,0.003196347031963448,11,1.0,11,17,1123,8,11,252
KTCZJDV4XG,32,0,mutation,0.3342140516649865,0.20854149879129735,6,0.0,6,18,836,5,6,54
ARLKJK0FM2,32,0,inicialization,0.4122407228670215,0.1886650550631211,5,0.0,5,18,830,6,5,32
ONW4VS81OL,32,0,crossover,0.4169699363633095,8.058017727630151e-05,29,1.0,29,2,1415,,29,1415
EFYSLNWUNL,32,0,crossover,0.47107675208019184,0.08724147193123827,9,0.0,9,17,1034,7,9,158
NAW8N3L3OA,32,0,crossover,0.3959361397188418,0.06655922643029816,22,0.0,22,9,793,5,22,728
NP15S7KFJ4,32,0,crossover,0.3727741859348086,0.132849852269675,18,0.0,18,24,584,,18,344
OEUZK0TIS6,32,0,crossover,0.5157642297674299,0.0527262959978512,12,1.0,12,17,1129,8,12,295
MW3OSI9PEX,32,0,crossover,0.43975022285858867,0.03843674456083801,17,1.0,17,6,1238,8,17,810
B7VVU90NX5,32,0,inicialization,0.3355251354358211,0.179129734085415,14,0.0,19,35,104,5,14,104
20NDID7AXT,33,0,crossover,0.5690263870797226,0.003196347031963448,11,1.0,11,17,1123,8,11,252
KTCZJDV4XG,33,0,mutation,0.3342140516649865,0.20854149879129735,6,0.0,6,18,836,5,6,54
ARLKJK0FM2,33,0,inicialization,0.4122407228670215,0.1886650550631211,5,0.0,5,18,830,6,5,32
ONW4VS81OL,33,0,crossover,0.4169699363633095,8.058017727630151e-05,29,1.0,29,2,1415,,29,1415
NP15S7KFJ4,33,0,crossover,0.3727741859348086,0.132849852269675,18,0.0,18,24,584,,18,344
OEUZK0TIS6,33,0,crossover,0.5157642297674299,0.0527262959978512,12,1.0,12,17,1129,8,12,295
MW3OSI9PEX,33,0,crossover,0.43975022285858867,0.03843674456083801,17,1.0,17,6,1238,8,17,810
B7VVU90NX5,33,0,inicialization,0.3355251354358211,0.179129734085415,14,0.0,19,35,104,5,14,104
NAW8N3L3OA,33,0,crossover,0.3959361397188418,0.06655922643029816,22,0.0,22,9,793,5,22,728
1TJZAR1T2C,33,0,mutation,0.4222477292732475,0.02221326886919156,26,1.0,26,6,1196,5,26,977
KTCZJDV4XG,34,0,mutation,0.3342140516649865,0.20854149879129735,6,0.0,6,18,836,5,6,54
20NDID7AXT,34,0,crossover,0.5690263870797226,0.003196347031963448,11,1.0,11,17,1123,8,11,252
ARLKJK0FM2,34,0,inicialization,0.4122407228670215,0.1886650550631211,5,0.0,5,18,830,6,5,32
ONW4VS81OL,34,0,crossover,0.4169699363633095,8.058017727630151e-05,29,1.0,29,2,1415,,29,1415
XMO21O276H,34,0,crossover,0.46276904739920655,0.13685200107440237,9,1.0,9,18,1026,7,9,152
GVBB3XOPY0,34,0,crossover,0.3825687893424642,0.09298952457695403,23,0.0,23,12,820,,23,618
MW3OSI9PEX,34,0,crossover,0.43975022285858867,0.03843674456083801,17,1.0,17,6,1238,8,17,810
OEUZK0TIS6,34,0,crossover,0.5157642297674299,0.0527262959978512,12,1.0,12,17,1129,8,12,295
NAW8N3L3OA,34,0,crossover,0.3959361397188418,0.06655922643029816,22,0.0,22,9,793,5,22,728
TIHIIHC42U,34,0,crossover,0.5260564556600897,0.006365834004834814,15,1.0,15,21,948,8,15,355
KTCZJDV4XG,35,0,mutation,0.3342140516649865,0.20854149879129735,6,0.0,6,18,836,5,6,54
20NDID7AXT,35,0,crossover,0.5690263870797226,0.003196347031963448,11,1.0,11,17,1123,8,11,252
ARLKJK0FM2,35,0,inicialization,0.4122407228670215,0.1886650550631211,5,0.0,5,18,830,6,5,32
ONW4VS81OL,35,0,crossover,0.4169699363633095,8.058017727630151e-05,29,1.0,29,2,1415,,29,1415
GVBB3XOPY0,35,0,crossover,0.3825687893424642,0.09298952457695403,23,0.0,23,12,820,,23,618
MW3OSI9PEX,35,0,crossover,0.43975022285858867,0.03843674456083801,17,1.0,17,6,1238,8,17,810
XMO21O276H,35,0,crossover,0.46276904739920655,0.13685200107440237,9,1.0,9,18,1026,7,9,152
TIHIIHC42U,35,0,crossover,0.5260564556600897,0.006365834004834814,15,1.0,15,21,948,8,15,355
OEUZK0TIS6,35,0,crossover,0.5157642297674299,0.0527262959978512,12,1.0,12,17,1129,8,12,295
NAW8N3L3OA,35,0,crossover,0.3959361397188418,0.06655922643029816,22,0.0,22,9,793,5,22,728
KTCZJDV4XG,36,0,mutation,0.3342140516649865,0.20854149879129735,6,0.0,6,18,836,5,6,54
2LOXSSP0XJ,36,0,mutation,0.5628467463812981,0.0018802041364490985,10,1.0,10,18,1133,8,10,204
ARLKJK0FM2,36,0,inicialization,0.4122407228670215,0.1886650550631211,5,0.0,5,18,830,6,5,32
ONW4VS81OL,36,0,crossover,0.4169699363633095,8.058017727630151e-05,29,1.0,29,2,1415,,29,1415
XMO21O276H,36,0,crossover,0.46276904739920655,0.13685200107440237,9,1.0,9,18,1026,7,9,152
GNBQXJBN8S,36,0,mutation,0.3524340468160282,0.1850926672038678,10,0.0,10,14,712,,10,254
TIHIIHC42U,36,0,crossover,0.5260564556600897,0.006365834004834814,15,1.0,15,21,948,8,15,355
GVBB3XOPY0,36,0,crossover,0.3825687893424642,0.09298952457695403,23,0.0,23,12,820,,23,618
MW3OSI9PEX,36,0,crossover,0.43975022285858867,0.03843674456083801,17,1.0,17,6,1238,8,17,810
1WK6L2GWLX,36,0,mutation,0.38179158078057274,0.12696749932849855,14,0.0,14,12,943,,14,496
CX2BJTFR4X,37,0,mutation,0.5657908116865503,0.12339511146924521,6,0.0,6,18,914,7,6,51
KTCZJDV4XG,37,0,mutation,0.3342140516649865,0.20854149879129735,6,0.0,6,18,836,5,6,54
LQ24XGDZET,37,0,mutation,0.3847448140518438,0.1751544453397798,5,0.0,5,18,832,5,5,32
ONW4VS81OL,37,0,crossover,0.4169699363633095,8.058017727630151e-05,29,1.0,29,2,1415,,29,1415
GVBB3XOPY0,37,0,crossover,0.3825687893424642,0.09298952457695403,23,0.0,23,12,820,,23,618
FZWJPJJ36K,37,0,crossover,0.5164896770215714,0.04456083803384367,12,1.0,12,19,1013,8,12,279
MW3OSI9PEX,37,0,crossover,0.43975022285858867,0.03843674456083801,17,1.0,17,6,1238,8,17,810
XMO21O276H,37,0,crossover,0.46276904739920655,0.13685200107440237,9,1.0,9,18,1026,7,9,152
TIHIIHC42U,37,0,crossover,0.5260564556600897,0.006365834004834814,15,1.0,15,21,948,8,15,355
1VU3XAO7VF,37,0,crossover,0.36493532983806753,0.14337899543378996,8,1.0,8,18,978,6,8,118
CX2BJTFR4X,38,0,mutation,0.5657908116865503,0.12339511146924521,6,0.0,6,18,914,7,6,51
KTCZJDV4XG,38,0,mutation,0.3342140516649865,0.20854149879129735,6,0.0,6,18,836,5,6,54
LQ24XGDZET,38,0,mutation,0.3847448140518438,0.1751544453397798,5,0.0,5,18,832,5,5,32
ONW4VS81OL,38,0,crossover,0.4169699363633095,8.058017727630151e-05,29,1.0,29,2,1415,,29,1415
GVBB3XOPY0,38,0,crossover,0.3825687893424642,0.09298952457695403,23,0.0,23,12,820,,23,618
1VU3XAO7VF,38,0,crossover,0.36493532983806753,0.14337899543378996,8,1.0,8,18,978,6,8,118
FZWJPJJ36K,38,0,crossover,0.5164896770215714,0.04456083803384367,12,1.0,12,19,1013,8,12,279
XMO21O276H,38,0,crossover,0.46276904739920655,0.13685200107440237,9,1.0,9,18,1026,7,9,152
19NK2HGCSA,38,0,crossover,0.4012792543588968,0.026081117378458307,19,1.0,19,10,1180,,19,682
D5RN02DA5N,38,0,crossover,0.47060739068876367,0.06142895514370128,14,1.0,14,10,1072,8,14,490
CX2BJTFR4X,39,0,mutation,0.5657908116865503,0.12339511146924521,6,0.0,6,18,914,7,6,51
KTCZJDV4XG,39,0,mutation,0.3342140516649865,0.20854149879129735,6,0.0,6,18,836,5,6,54
LQ24XGDZET,39,0,mutation,0.3847448140518438,0.1751544453397798,5,0.0,5,18,832,5,5,32
ONW4VS81OL,39,0,crossover,0.4169699363633095,8.058017727630151e-05,29,1.0,29,2,1415,,29,1415
GVBB3XOPY0,39,0,crossover,0.3825687893424642,0.09298952457695403,23,0.0,23,12,820,,23,618
FZWJPJJ36K,39,0,crossover,0.5164896770215714,0.04456083803384367,12,1.0,12,19,1013,8,12,279
D5RN02DA5N,39,0,crossover,0.47060739068876367,0.06142895514370128,14,1.0,14,10,1072,8,14,490
1VU3XAO7VF,39,0,crossover,0.36493532983806753,0.14337899543378996,8,1.0,8,18,978,6,8,118
19NK2HGCSA,39,0,crossover,0.4012792543588968,0.026081117378458307,19,1.0,19,10,1180,,19,682
I320ZN87SC,39,0,crossover,0.45870990546385104,0.06889605157131345,12,0.0,12,14,851,7,12,325
P40JUL7LBS,40,0,mutation,0.5748543167386487,0.014101531023368252,9,1.0,9,20,986,8,9,155
KTCZJDV4XG,40,0,mutation,0.3342140516649865,0.20854149879129735,6,0.0,6,18,836,5,6,54
LQ24XGDZET,40,0,mutation,0.3847448140518438,0.1751544453397798,5,0.0,5,18,832,5,5,32
ONW4VS81OL,40,0,crossover,0.4169699363633095,8.058017727630151e-05,29,1.0,29,2,1415,,29,1415
FZWJPJJ36K,40,0,crossover,0.5164896770215714,0.04456083803384367,12,1.0,12,19,1013,8,12,279
GVBB3XOPY0,40,0,crossover,0.3825687893424642,0.09298952457695403,23,0.0,23,12,820,,23,618
19NK2HGCSA,40,0,crossover,0.4012792543588968,0.026081117378458307,19,1.0,19,10,1180,,19,682
CX2BJTFR4X,40,0,mutation,0.5657908116865503,0.12339511146924521,6,0.0,6,18,914,7,6,51
D5RN02DA5N,40,0,crossover,0.47060739068876367,0.06142895514370128,14,1.0,14,10,1072,8,14,490
H59AOQUFWY,40,0,crossover,0.36322900125768964,0.1569970453934999,12,0.0,12,14,824,,12,360
P40JUL7LBS,41,0,mutation,0.5748543167386487,0.014101531023368252,9,1.0,9,20,986,8,9,155
TS523YTFAA,41,0,crossover,0.33234648572906267,0.2131077088369594,6,0.0,6,18,834,5,6,54
UVY3XQKXS9,41,0,crossover,0.38684934428937034,0.17287134031694867,5,0.0,5,18,834,5,5,32
ONW4VS81OL,41,0,crossover,0.4169699363633095,8.058017727630151e-05,29,1.0,29,2,1415,,29,1415
D5RN02DA5N,41,0,crossover,0.47060739068876367,0.06142895514370128,14,1.0,14,10,1072,8,14,490
FZWJPJJ36K,41,0,crossover,0.5164896770215714,0.04456083803384367,12,1.0,12,19,1013,8,12,279
CX2BJTFR4X,41,0,mutation,0.5657908116865503,0.12339511146924521,6,0.0,6,18,914,7,6,51
GVBB3XOPY0,41,0,crossover,0.3825687893424642,0.09298952457695403,23,0.0,23,12,820,,23,618
H59AOQUFWY,41,0,crossover,0.36322900125768964,0.1569970453934999,12,0.0,12,14,824,,12,360
RXB2I88VWI,41,0,crossover,0.4017698745976671,0.0633091592801504,17,1.0,17,13,1229,,17,540
P40JUL7LBS,42,0,mutation,0.5748543167386487,0.014101531023368252,9,1.0,9,20,986,8,9,155
TS523YTFAA,42,0,crossover,0.33234648572906267,0.2131077088369594,6,0.0,6,18,834,5,6,54
UVY3XQKXS9,42,0,crossover,0.38684934428937034,0.17287134031694867,5,0.0,5,18,834,5,5,32
ONW4VS81OL,42,0,crossover,0.4169699363633095,8.058017727630151e-05,29,1.0,29,2,1415,,29,1415
CX2BJTFR4X,42,0,mutation,0.5657908116865503,0.12339511146924521,6,0.0,6,18,914,7,6,51
GVBB3XOPY0,42,0,crossover,0.3825687893424642,0.09298952457695403,23,0.0,23,12,820,,23,618
H59AOQUFWY,42,0,crossover,0.36322900125768964,0.1569970453934999,12,0.0,12,14,824,,12,360
56RU3UTPRN,42,0,crossover,0.4046868560877144,0.0273972602739726,20,1.0,20,11,1129,,20,654
F8OYAZ1AM3,42,0,crossover,0.3938182718599085,0.06884233145312918,15,0.0,15,9,1120,5,15,622
RXB2I88VWI,42,0,crossover,0.4017698745976671,0.0633091592801504,17,1.0,17,13,1229,,17,540
P40JUL7LBS,43,0,mutation,0.5748543167386487,0.014101531023368252,9,1.0,9,20,986,8,9,155
TS523YTFAA,43,0,crossover,0.33234648572906267,0.2131077088369594,6,0.0,6,18,834,5,6,54
UVY3XQKXS9,43,0,crossover,0.38684934428937034,0.17287134031694867,5,0.0,5,18,834,5,5,32
ONW4VS81OL,43,0,crossover,0.4169699363633095,8.058017727630151e-05,29,1.0,29,2,1415,,29,1415
CX2BJTFR4X,43,0,mutation,0.5657908116865503,0.12339511146924521,6,0.0,6,18,914,7,6,51
DTRNC5JSWL,43,0,crossover,0.4258643404530553,0.1491539081385979,8,1.0,8,19,939,7,8,112
GVBB3XOPY0,43,0,crossover,0.3825687893424642,0.09298952457695403,23,0.0,23,12,820,,23,618
H59AOQUFWY,43,0,crossover,0.36322900125768964,0.1569970453934999,12,0.0,12,14,824,,12,360
FRY2XNXCAA,43,0,crossover,0.39659252338662454,0.017915659414450724,18,1.0,18,11,1175,5,18,625
RXB2I88VWI,43,0,crossover,0.4017698745976671,0.0633091592801504,17,1.0,17,13,1229,,17,540
P40JUL7LBS,44,0,mutation,0.5748543167386487,0.014101531023368252,9,1.0,9,20,986,8,9,155
TS523YTFAA,44,0,crossover,0.33234648572906267,0.2131077088369594,6,0.0,6,18,834,5,6,54
UVY3XQKXS9,44,0,crossover,0.38684934428937034,0.17287134031694867,5,0.0,5,18,834,5,5,32
ONW4VS81OL,44,0,crossover,0.4169699363633095,8.058017727630151e-05,29,1.0,29,2,1415,,29,1415
CX2BJTFR4X,44,0,mutation,0.5657908116865503,0.12339511146924521,6,0.0,6,18,914,7,6,51
GVBB3XOPY0,44,0,crossover,0.3825687893424642,0.09298952457695403,23,0.0,23,12,820,,23,618
TH0E9WO99M,44,0,crossover,0.42707687751836365,0.13053988718775178,8,1.0,8,19,939,7,8,112
RXB2I88VWI,44,0,crossover,0.4017698745976671,0.0633091592801504,17,1.0,17,13,1229,,17,540
FRY2XNXCAA,44,0,crossover,0.39659252338662454,0.017915659414450724,18,1.0,18,11,1175,5,18,625
H59AOQUFWY,44,0,crossover,0.36322900125768964,0.1569970453934999,12,0.0,12,14,824,,12,360
P40JUL7LBS,45,0,mutation,0.5748543167386487,0.014101531023368252,9,1.0,9,20,986,8,9,155
TS523YTFAA,45,0,crossover,0.33234648572906267,0.2131077088369594,6,0.0,6,18,834,5,6,54
UVY3XQKXS9,45,0,crossover,0.38684934428937034,0.17287134031694867,5,0.0,5,18,834,5,5,32
ONW4VS81OL,45,0,crossover,0.4169699363633095,8.058017727630151e-05,29,1.0,29,2,1415,,29,1415
GVBB3XOPY0,45,0,crossover,0.3825687893424642,0.09298952457695403,23,0.0,23,12,820,,23,618
CX2BJTFR4X,45,0,mutation,0.5657908116865503,0.12339511146924521,6,0.0,6,18,914,7,6,51
TH0E9WO99M,45,0,crossover,0.42707687751836365,0.13053988718775178,8,1.0,8,19,939,7,8,112
L6B9G54U8V,45,0,crossover,0.4004428073406874,0.03977974751544455,15,0.0,15,6,1101,,15,782
FRY2XNXCAA,45,0,crossover,0.39659252338662454,0.017915659414450724,18,1.0,18,11,1175,5,18,625
TSMOZRVZME,45,0,mutation,0.3383218993603271,0.15570776255707763,7,1.0,7,19,907,4,7,82
P40JUL7LBS,46,0,mutation,0.5748543167386487,0.014101531023368252,9,1.0,9,20,986,8,9,155
TS523YTFAA,46,0,crossover,0.33234648572906267,0.2131077088369594,6,0.0,6,18,834,5,6,54
UVY3XQKXS9,46,0,crossover,0.38684934428937034,0.17287134031694867,5,0.0,5,18,834,5,5,32
ONW4VS81OL,46,0,crossover,0.4169699363633095,8.058017727630151e-05,29,1.0,29,2,1415,,29,1415
GVBB3XOPY0,46,0,crossover,0.3825687893424642,0.09298952457695403,23,0.0,23,12,820,,23,618
L6B9G54U8V,46,0,crossover,0.4004428073406874,0.03977974751544455,15,0.0,15,6,1101,,15,782
CX2BJTFR4X,46,0,mutation,0.5657908116865503,0.12339511146924521,6,0.0,6,18,914,7,6,51
SY8B2RL3TE,46,0,mutation,0.45408617860640743,0.09927477840451249,7,0.0,7,18,923,7,7,78
FRY2XNXCAA,46,0,crossover,0.39659252338662454,0.017915659414450724,18,1.0,18,11,1175,5,18,625
TSMOZRVZME,46,0,mutation,0.3383218993603271,0.15570776255707763,7,1.0,7,19,907,4,7,82
P40JUL7LBS,47,0,mutation,0.5748543167386487,0.014101531023368252,9,1.0,9,20,986,8,9,155
TS523YTFAA,47,0,crossover,0.33234648572906267,0.2131077088369594,6,0.0,6,18,834,5,6,54
UVY3XQKXS9,47,0,crossover,0.38684934428937034,0.17287134031694867,5,0.0,5,18,834,5,5,32
ONW4VS81OL,47,0,crossover,0.4169699363633095,8.058017727630151e-05,29,1.0,29,2,1415,,29,1415
SY8B2RL3TE,47,0,mutation,0.45408617860640743,0.09927477840451249,7,0.0,7,18,923,7,7,78
CX2BJTFR4X,47,0,mutation,0.5657908116865503,0.12339511146924521,6,0.0,6,18,914,7,6,51
GVBB3XOPY0,47,0,crossover,0.3825687893424642,0.09298952457695403,23,0.0,23,12,820,,23,618
BNXLV9VBVI,47,0,crossover,0.36592686066500246,0.1302175664786463,12,0.0,12,13,1020,,12,375
TSMOZRVZME,47,0,mutation,0.3383218993603271,0.15570776255707763,7,1.0,7,19,907,4,7,82
IW7RGKOB2E,47,0,mutation,0.39012200755737825,0.045312919688423325,25,0.0,25,7,826,,25,826
P40JUL7LBS,48,0,mutation,0.5748543167386487,0.014101531023368252,9,1.0,9,20,986,8,9,155
TS523YTFAA,48,0,crossover,0.33234648572906267,0.2131077088369594,6,0.0,6,18,834,5,6,54
UVY3XQKXS9,48,0,crossover,0.38684934428937034,0.17287134031694867,5,0.0,5,18,834,5,5,32
ONW4VS81OL,48,0,crossover,0.4169699363633095,8.058017727630151e-05,29,1.0,29,2,1415,,29,1415
C6HCPBG8OX,48,0,crossover,0.3977919470547209,0.045662100456621,16,1.0,16,9,1142,,16,631
SY8B2RL3TE,48,0,mutation,0.45408617860640743,0.09927477840451249,7,0.0,7,18,923,7,7,78
CX2BJTFR4X,48,0,mutation,0.5657908116865503,0.12339511146924521,6,0.0,6,18,914,7,6,51
GVBB3XOPY0,48,0,crossover,0.3825687893424642,0.09298952457695403,23,0.0,23,12,820,,23,618
BNXLV9VBVI,48,0,crossover,0.36592686066500246,0.1302175664786463,12,0.0,12,13,1020,,12,375
IW7RGKOB2E,48,0,mutation,0.39012200755737825,0.045312919688423325,25,0.0,25,7,826,,25,826
P40JUL7LBS,49,0,mutation,0.5748543167386487,0.014101531023368252,9,1.0,9,20,986,8,9,155
TS523YTFAA,49,0,crossover,0.33234648572906267,0.2131077088369594,6,0.0,6,18,834,5,6,54
UVY3XQKXS9,49,0,crossover,0.38684934428937034,0.17287134031694867,5,0.0,5,18,834,5,5,32
ONW4VS81OL,49,0,crossover,0.4169699363633095,8.058017727630151e-05,29,1.0,29,2,1415,,29,1415
11FQGW4EWQ,49,0,mutation,0.4849663840349815,0.06897663174858987,15,0.0,15,16,911,8,15,401
BNXLV9VBVI,49,0,crossover,0.36592686066500246,0.1302175664786463,12,0.0,12,13,1020,,12,375
QNJEXGFT6S,49,0,crossover,0.5481625292600483,0.05965619124362073,8,0.0,8,19,954,7,8,110
J9KIKQF0WM,49,0,crossover,0.3920217967849513,0.08447488584474883,17,1.0,17,16,911,,17,471
IW7RGKOB2E,49,0,mutation,0.39012200755737825,0.045312919688423325,25,0.0,25,7,826,,25,826
GVBB3XOPY0,49,0,crossover,0.3825687893424642,0.09298952457695403,23,0.0,23,12,820,,23,618
P40JUL7LBS,50,0,mutation,0.5748543167386487,0.014101531023368252,9,1.0,9,20,986,8,9,155
TS523YTFAA,50,0,crossover,0.33234648572906267,0.2131077088369594,6,0.0,6,18,834,5,6,54
UVY3XQKXS9,50,0,crossover,0.38684934428937034,0.17287134031694867,5,0.0,5,18,834,5,5,32
ONW4VS81OL,50,0,crossover,0.4169699363633095,8.058017727630151e-05,29,1.0,29,2,1415,,29,1415
BNXLV9VBVI,50,0,crossover,0.36592686066500246,0.1302175664786463,12,0.0,12,13,1020,,12,375
GVBB3XOPY0,50,0,crossover,0.3825687893424642,0.09298952457695403,23,0.0,23,12,820,,23,618
11FQGW4EWQ,50,0,mutation,0.4849663840349815,0.06897663174858987,15,0.0,15,16,911,8,15,401
QNJEXGFT6S,50,0,crossover,0.5481625292600483,0.05965619124362073,8,0.0,8,19,954,7,8,110
D1ID5MM5F9,50,0,mutation,0.49382129194017654,0.10427074939564868,10,0.0,10,16,925,7,10,205
J9KIKQF0WM,50,0,crossover,0.3920217967849513,0.08447488584474883,17,1.0,17,16,911,,17,471
P40JUL7LBS,51,0,mutation,0.5748543167386487,0.014101531023368252,9,1.0,9,20,986,8,9,155
TS523YTFAA,51,0,crossover,0.33234648572906267,0.2131077088369594,6,0.0,6,18,834,5,6,54
UVY3XQKXS9,51,0,crossover,0.38684934428937034,0.17287134031694867,5,0.0,5,18,834,5,5,32
ONW4VS81OL,51,0,crossover,0.4169699363633095,8.058017727630151e-05,29,1.0,29,2,1415,,29,1415
GVBB3XOPY0,51,0,crossover,0.3825687893424642,0.09298952457695403,23,0.0,23,12,820,,23,618
BNXLV9VBVI,51,0,crossover,0.36592686066500246,0.1302175664786463,12,0.0,12,13,1020,,12,375
QNJEXGFT6S,51,0,crossover,0.5481625292600483,0.05965619124362073,8,0.0,8,19,954,7,8,110
CFQXM7N5LP,51,0,crossover,0.4836414112670847,0.03956486704270751,17,1.0,17,18,917,8,17,442
11FQGW4EWQ,51,0,mutation,0.4849663840349815,0.06897663174858987,15,0.0,15,16,911,8,15,401
J9KIKQF0WM,51,0,crossover,0.3920217967849513,0.08447488584474883,17,1.0,17,16,911,,17,471
P40JUL7LBS,52,0,mutation,0.5748543167386487,0.014101531023368252,9,1.0,9,20,986,8,9,155
TS523YTFAA,52,0,crossover,0.33234648572906267,0.2131077088369594,6,0.0,6,18,834,5,6,54
UVY3XQKXS9,52,0,crossover,0.38684934428937034,0.17287134031694867,5,0.0,5,18,834,5,5,32
ONW4VS81OL,52,0,crossover,0.4169699363633095,8.058017727630151e-05,29,1.0,29,2,1415,,29,1415
BNXLV9VBVI,52,0,crossover,0.36592686066500246,0.1302175664786463,12,0.0,12,13,1020,,12,375
11FQGW4EWQ,52,0,mutation,0.4849663840349815,0.06897663174858987,15,0.0,15,16,911,8,15,401
QNJEXGFT6S,52,0,crossover,0.5481625292600483,0.05965619124362073,8,0.0,8,19,954,7,8,110
GVBB3XOPY0,52,0,crossover,0.3825687893424642,0.09298952457695403,23,0.0,23,12,820,,23,618
CFQXM7N5LP,52,0,crossover,0.4836414112670847,0.03956486704270751,17,1.0,17,18,917,8,17,442
YXCCUU470R,52,0,crossover,0.4016093643122066,0.028015041633091542,19,1.0,19,12,1299,,19,600
P40JUL7LBS,53,0,mutation,0.5748543167386487,0.014101531023368252,9,1.0,9,20,986,8,9,155
TS523YTFAA,53,0,crossover,0.33234648572906267,0.2131077088369594,6,0.0,6,18,834,5,6,54
UVY3XQKXS9,53,0,crossover,0.38684934428937034,0.17287134031694867,5,0.0,5,18,834,5,5,32
ONW4VS81OL,53,0,crossover,0.4169699363633095,8.058017727630151e-05,29,1.0,29,2,1415,,29,1415
BNXLV9VBVI,53,0,crossover,0.36592686066500246,0.1302175664786463,12,0.0,12,13,1020,,12,375
1WXIUR5TVQ,53,0,crossover,0.4710141464993465,0.10225624496373892,11,0.0,11,16,991,7,11,255
GVBB3XOPY0,53,0,crossover,0.3825687893424642,0.09298952457695403,23,0.0,23,12,820,,23,618
QNJEXGFT6S,53,0,crossover,0.5481625292600483,0.05965619124362073,8,0.0,8,19,954,7,8,110
11FQGW4EWQ,53,0,mutation,0.4849663840349815,0.06897663174858987,15,0.0,15,16,911,8,15,401
CFQXM7N5LP,53,0,crossover,0.4836414112670847,0.03956486704270751,17,1.0,17,18,917,8,17,442
AWAJZ47WGA,54,0,crossover,0.5748543167386487,0.014101531023368252,9,1.0,9,20,976,8,9,155
TS523YTFAA,54,0,crossover,0.33234648572906267,0.2131077088369594,6,0.0,6,18,834,5,6,54
UVY3XQKXS9,54,0,crossover,0.38684934428937034,0.17287134031694867,5,0.0,5,18,834,5,5,32
ONW4VS81OL,54,0,crossover,0.4169699363633095,8.058017727630151e-05,29,1.0,29,2,1415,,29,1415
GVBB3XOPY0,54,0,crossover,0.3825687893424642,0.09298952457695403,23,0.0,23,12,820,,23,618
CFQXM7N5LP,54,0,crossover,0.4836414112670847,0.03956486704270751,17,1.0,17,18,917,8,17,442
EB5XSYFNJ8,54,0,crossover,0.47060739068876367,0.10225624496373892,11,0.0,11,16,988,7,11,260
11FQGW4EWQ,54,0,mutation,0.4849663840349815,0.06897663174858987,15,0.0,15,16,911,8,15,401
42A1203FDK,54,0,crossover,0.5309235947451671,0.13147998925597634,7,1.0,7,19,936,7,7,76
BNXLV9VBVI,54,0,crossover,0.36592686066500246,0.1302175664786463,12,0.0,12,13,1020,,12,375
AWAJZ47WGA,55,0,crossover,0.5748543167386487,0.014101531023368252,9,1.0,9,20,976,8,9,155
TS523YTFAA,55,0,crossover,0.33234648572906267,0.2131077088369594,6,0.0,6,18,834,5,6,54
UVY3XQKXS9,55,0,crossover,0.38684934428937034,0.17287134031694867,5,0.0,5,18,834,5,5,32
ONW4VS81OL,55,0,crossover,0.4169699363633095,8.058017727630151e-05,29,1.0,29,2,1415,,29,1415
42A1203FDK,55,0,crossover,0.5309235947451671,0.13147998925597634,7,1.0,7,19,936,7,7,76
GVBB3XOPY0,55,0,crossover,0.3825687893424642,0.09298952457695403,23,0.0,23,12,820,,23,618
BNXLV9VBVI,55,0,crossover,0.36592686066500246,0.1302175664786463,12,0.0,12,13,1020,,12,375
W77DJX9FRD,55,0,mutation,0.4651330480341933,0.05028203062046732,20,1.0,20,16,879,8,20,516
CFQXM7N5LP,55,0,crossover,0.4836414112670847,0.03956486704270751,17,1.0,17,18,917,8,17,442
QG1YB4CTPK,55,0,mutation,0.4936991845564267,0.05299489658877249,15,1.0,15,17,859,8,15,403
AWAJZ47WGA,56,0,crossover,0.5748543167386487,0.014101531023368252,9,1.0,9,20,976,8,9,155
TS523YTFAA,56,0,crossover,0.33234648572906267,0.2131077088369594,6,0.0,6,18,834,5,6,54
UVY3XQKXS9,56,0,crossover,0.38684934428937034,0.17287134031694867,5,0.0,5,18,834,5,5,32
ONW4VS81OL,56,0,crossover,0.4169699363633095,8.058017727630151e-05,29,1.0,29,2,1415,,29,1415
GVBB3XOPY0,56,0,crossover,0.3825687893424642,0.09298952457695403,23,0.0,23,12,820,,23,618
QG1YB4CTPK,56,0,mutation,0.4936991845564267,0.05299489658877249,15,1.0,15,17,859,8,15,403
W77DJX9FRD,56,0,mutation,0.4651330480341933,0.05028203062046732,20,1.0,20,16,879,8,20,516
42A1203FDK,56,0,crossover,0.5309235947451671,0.13147998925597634,7,1.0,7,19,936,7,7,76
CFQXM7N5LP,56,0,crossover,0.4836414112670847,0.03956486704270751,17,1.0,17,18,917,8,17,442
BNXLV9VBVI,56,0,crossover,0.36592686066500246,0.1302175664786463,12,0.0,12,13,1020,,12,375
AWAJZ47WGA,57,0,crossover,0.5748543167386487,0.014101531023368252,9,1.0,9,20,976,8,9,155
TS523YTFAA,57,0,crossover,0.33234648572906267,0.2131077088369594,6,0.0,6,18,834,5,6,54
UVY3XQKXS9,57,0,crossover,0.38684934428937034,0.17287134031694867,5,0.0,5,18,834,5,5,32
ONW4VS81OL,57,0,crossover,0.4169699363633095,8.058017727630151e-05,29,1.0,29,2,1415,,29,1415
N5CPK95DKX,57,0,crossover,0.41130618936108754,0.05355895782970721,24,1.0,24,9,1034,,24,771
BNXLV9VBVI,57,0,crossover,0.36592686066500246,0.1302175664786463,12,0.0,12,13,1020,,12,375
G7RWLBKG04,57,0,mutation,0.5055902405456278,0.04421165726564599,13,1.0,13,19,944,8,13,313
FQJVUK9FQF,57,0,crossover,0.5693415415006049,0.004969110932044052,11,1.0,11,18,891,8,11,245
CFQXM7N5LP,57,0,crossover,0.4836414112670847,0.03956486704270751,17,1.0,17,18,917,8,17,442
PJDBALUB5Z,57,0,mutation,0.4258643404530553,0.1491539081385979,8,1.0,8,19,922,7,8,112
AWAJZ47WGA,58,0,crossover,0.5748543167386487,0.014101531023368252,9,1.0,9,20,976,8,9,155
TS523YTFAA,58,0,crossover,0.33234648572906267,0.2131077088369594,6,0.0,6,18,834,5,6,54
UVY3XQKXS9,58,0,crossover,0.38684934428937034,0.17287134031694867,5,0.0,5,18,834,5,5,32
ONW4VS81OL,58,0,crossover,0.4169699363633095,8.058017727630151e-05,29,1.0,29,2,1415,,29,1415
7XUJSPGMTS,58,0,crossover,0.4514557977816607,0.027719580983078196,17,1.0,17,13,989,8,17,540
TG5CTE9SUA,58,0,crossover,0.400104138909086,0.09957023905452594,20,1.0,20,15,989,,20,529
N5CPK95DKX,58,0,crossover,0.41130618936108754,0.05355895782970721,24,1.0,24,9,1034,,24,771
FQJVUK9FQF,58,0,crossover,0.5693415415006049,0.004969110932044052,11,1.0,11,18,891,8,11,245
PJDBALUB5Z,58,0,mutation,0.4258643404530553,0.1491539081385979,8,1.0,8,19,922,7,8,112
G7RWLBKG04,58,0,mutation,0.5055902405456278,0.04421165726564599,13,1.0,13,19,944,8,13,313
AWAJZ47WGA,59,0,crossover,0.5748543167386487,0.014101531023368252,9,1.0,9,20,976,8,9,155
TS523YTFAA,59,0,crossover,0.33234648572906267,0.2131077088369594,6,0.0,6,18,834,5,6,54
UVY3XQKXS9,59,0,crossover,0.38684934428937034,0.17287134031694867,5,0.0,5,18,834,5,5,32
ONW4VS81OL,59,0,crossover,0.4169699363633095,8.058017727630151e-05,29,1.0,29,2,1415,,29,1415
G7RWLBKG04,59,0,mutation,0.5055902405456278,0.04421165726564599,13,1.0,13,19,944,8,13,313
WYKUMXS3R9,59,0,crossover,0.39686332961346205,0.03977974751544455,19,1.0,19,10,1099,,19,680
7XUJSPGMTS,59,0,crossover,0.4514557977816607,0.027719580983078196,17,1.0,17,13,989,8,17,540
A5OMGPHWEN,59,0,crossover,0.38908939882496185,0.10641955412301912,14,1.0,14,6,1129,,14,625
FQJVUK9FQF,59,0,crossover,0.5693415415006049,0.004969110932044052,11,1.0,11,18,891,8,11,245
B4G9V5H732,59,0,crossover,0.3782147317471093,0.20290088638195003,6,0.0,6,19,887,6,6,53
AWAJZ47WGA,60,0,crossover,0.5748543167386487,0.014101531023368252,9,1.0,9,20,976,8,9,155
TS523YTFAA,60,0,crossover,0.33234648572906267,0.2131077088369594,6,0.0,6,18,834,5,6,54
UVY3XQKXS9,60,0,crossover,0.38684934428937034,0.17287134031694867,5,0.0,5,18,834,5,5,32
ONW4VS81OL,60,0,crossover,0.4169699363633095,8.058017727630151e-05,29,1.0,29,2,1415,,29,1415
WYKUMXS3R9,60,0,crossover,0.39686332961346205,0.03977974751544455,19,1.0,19,10,1099,,19,680
G7RWLBKG04,60,0,mutation,0.5055902405456278,0.04421165726564599,13,1.0,13,19,944,8,13,313
FQJVUK9FQF,60,0,crossover,0.5693415415006049,0.004969110932044052,11,1.0,11,18,891,8,11,245
BBJ8ZX7AKI,60,0,mutation,0.47205645124249007,0.08495836690840719,9,0.0,9,16,942,7,9,161
B4G9V5H732,60,0,crossover,0.3782147317471093,0.20290088638195003,6,0.0,6,19,887,6,6,53
G28PLT6JZD,60,0,crossover,0.4258643404530553,0.1491539081385979,8,1.0,8,19,919,7,8,111
TS523YTFAA,61,0,crossover,0.33234648572906267,0.2131077088369594,6,0.0,6,18,834,5,6,54
RMKQD9CLWZ,61,0,crossover,0.5704682463711376,0.007252215954875102,9,1.0,9,19,967,8,9,158
UVY3XQKXS9,61,0,crossover,0.38684934428937034,0.17287134031694867,5,0.0,5,18,834,5,5,32
ONW4VS81OL,61,0,crossover,0.4169699363633095,8.058017727630151e-05,29,1.0,29,2,1415,,29,1415
WYKUMXS3R9,61,0,crossover,0.39686332961346205,0.03977974751544455,19,1.0,19,10,1099,,19,680
G28PLT6JZD,61,0,crossover,0.4258643404530553,0.1491539081385979,8,1.0,8,19,919,7,8,111
W48GK0C3NR,61,0,crossover,0.5138804085896667,0.04684394305667475,12,1.0,12,19,920,8,12,278
CCU9RPAP1U,61,0,crossover,0.47067620431516066,0.08724147193123827,9,0.0,9,17,955,7,9,158
8RE5QNMPSF,61,0,crossover,0.4081196706537348,0.015632554391619702,17,1.0,17,7,1096,,17,763
B4G9V5H732,61,0,crossover,0.3782147317471093,0.20290088638195003,6,0.0,6,19,887,6,6,53
RMKQD9CLWZ,62,0,crossover,0.5704682463711376,0.007252215954875102,9,1.0,9,19,967,8,9,158
TS523YTFAA,62,0,crossover,0.33234648572906267,0.2131077088369594,6,0.0,6,18,834,5,6,54
UVY3XQKXS9,62,0,crossover,0.38684934428937034,0.17287134031694867,5,0.0,5,18,834,5,5,32
ONW4VS81OL,62,0,crossover,0.4169699363633095,8.058017727630151e-05,29,1.0,29,2,1415,,29,1415
W48GK0C3NR,62,0,crossover,0.5138804085896667,0.04684394305667475,12,1.0,12,19,920,8,12,278
YWRFFN89LQ,62,0,crossover,0.36585896967311127,0.1478646253021757,11,1.0,11,13,974,,11,295
V8KCWDHVAM,62,0,mutation,0.4094153912026174,0.08181573999462799,8,0.0,8,18,869,6,8,123
WYKUMXS3R9,62,0,crossover,0.39686332961346205,0.03977974751544455,19,1.0,19,10,1099,,19,680
VDLG6J660C,62,0,crossover,0.3916061645695641,0.0639269406392694,15,0.0,15,8,1011,5,15,673
8RE5QNMPSF,62,0,crossover,0.4081196706537348,0.015632554391619702,17,1.0,17,7,1096,,17,763
RMKQD9CLWZ,63,0,crossover,0.5704682463711376,0.007252215954875102,9,1.0,9,19,967,8,9,158
TS523YTFAA,63,0,crossover,0.33234648572906267,0.2131077088369594,6,0.0,6,18,834,5,6,54
UVY3XQKXS9,63,0,crossover,0.38684934428937034,0.17287134031694867,5,0.0,5,18,834,5,5,32
ONW4VS81OL,63,0,crossover,0.4169699363633095,8.058017727630151e-05,29,1.0,29,2,1415,,29,1415
WYKUMXS3R9,63,0,crossover,0.39686332961346205,0.03977974751544455,19,1.0,19,10,1099,,19,680
W48GK0C3NR,63,0,crossover,0.5138804085896667,0.04684394305667475,12,1.0,12,19,920,8,12,278
YWRFFN89LQ,63,0,crossover,0.36585896967311127,0.1478646253021757,11,1.0,11,13,974,,11,295
V8KCWDHVAM,63,0,mutation,0.4094153912026174,0.08181573999462799,8,0.0,8,18,869,6,8,123
10V8IC0WNE,63,0,mutation,0.5273952357858687,0.07072253558957828,11,0.0,11,19,949,8,11,215
4WSMLKPX5I,63,0,crossover,0.3633486248286316,0.18640881009938226,10,1.0,10,17,971,,10,212
RMKQD9CLWZ,64,0,crossover,0.5704682463711376,0.007252215954875102,9,1.0,9,19,967,8,9,158
TS523YTFAA,64,0,crossover,0.33234648572906267,0.2131077088369594,6,0.0,6,18,834,5,6,54
UVY3XQKXS9,64,0,crossover,0.38684934428937034,0.17287134031694867,5,0.0,5,18,834,5,5,32
ONW4VS81OL,64,0,crossover,0.4169699363633095,8.058017727630151e-05,29,1.0,29,2,1415,,29,1415
AJLTVXC9XC,64,0,crossover,0.44859769021044393,0.036852001074402396,16,1.0,16,10,1085,8,16,595
FYHMHFYMP0,64,0,crossover,0.40257307288745503,0.01334944936878868,22,1.0,22,11,1297,,22,667
LJGDL5T784,64,0,mutation,0.37849529113307157,0.1210851463873221,13,1.0,13,15,637,5,13,376
W48GK0C3NR,64,0,crossover,0.5138804085896667,0.04684394305667475,12,1.0,12,19,920,8,12,278
10V8IC0WNE,64,0,mutation,0.5273952357858687,0.07072253558957828,11,0.0,11,19,949,8,11,215
V8KCWDHVAM,64,0,mutation,0.4094153912026174,0.08181573999462799,8,0.0,8,18,869,6,8,123
RMKQD9CLWZ,65,0,crossover,0.5704682463711376,0.007252215954875102,9,1.0,9,19,967,8,9,158
TS523YTFAA,65,0,crossover,0.33234648572906267,0.2131077088369594,6,0.0,6,18,834,5,6,54
UVY3XQKXS9,65,0,crossover,0.38684934428937034,0.17287134031694867,5,0.0,5,18,834,5,5,32
ONW4VS81OL,65,0,crossover,0.4169699363633095,8.058017727630151e-05,29,1.0,29,2,1415,,29,1415
AJLTVXC9XC,65,0,crossover,0.44859769021044393,0.036852001074402396,16,1.0,16,10,1085,8,16,595
FYHMHFYMP0,65,0,crossover,0.40257307288745503,0.01334944936878868,22,1.0,22,11,1297,,22,667
W48GK0C3NR,65,0,crossover,0.5138804085896667,0.04684394305667475,12,1.0,12,19,920,8,12,278
AEJJDKG3JM,65,0,crossover,0.39745843254119073,0.10510341122750472,17,1.0,17,15,1141,5,17,486
10V8IC0WNE,65,0,mutation,0.5273952357858687,0.07072253558957828,11,0.0,11,19,949,8,11,215
LJGDL5T784,65,0,mutation,0.37849529113307157,0.1210851463873221,13,1.0,13,15,637,5,13,376
RMKQD9CLWZ,66,0,crossover,0.5704682463711376,0.007252215954875102,9,1.0,9,19,967,8,9,158
TS523YTFAA,66,0,crossover,0.33234648572906267,0.2131077088369594,6,0.0,6,18,834,5,6,54
UVY3XQKXS9,66,0,crossover,0.38684934428937034,0.17287134031694867,5,0.0,5,18,834,5,5,32
ONW4VS81OL,66,0,crossover,0.4169699363633095,8.058017727630151e-05,29,1.0,29,2,1415,,29,1415
AJLTVXC9XC,66,0,crossover,0.44859769021044393,0.036852001074402396,16,1.0,16,10,1085,8,16,595
10V8IC0WNE,66,0,mutation,0.5273952357858687,0.07072253558957828,11,0.0,11,19,949,8,11,215
FYHMHFYMP0,66,0,crossover,0.40257307288745503,0.01334944936878868,22,1.0,22,11,1297,,22,667
LJGDL5T784,66,0,mutation,0.37849529113307157,0.1210851463873221,13,1.0,13,15,637,5,13,376
W48GK0C3NR,66,0,crossover,0.5138804085896667,0.04684394305667475,12,1.0,12,19,920,8,12,278
OSZ2P70ZS9,66,0,crossover,0.39847054115177416,0.024764974482943902,19,1.0,19,11,1217,,19,641
YC9L59FT0Z,67,0,crossover,0.42129512801509916,0.0,27,1.0,27,7,1374,,27,903
RMKQD9CLWZ,67,0,crossover,0.5704682463711376,0.007252215954875102,9,1.0,9,19,967,8,9,158
TS523YTFAA,67,0,crossover,0.33234648572906267,0.2131077088369594,6,0.0,6,18,834,5,6,54
UVY3XQKXS9,67,0,crossover,0.38684934428937034,0.17287134031694867,5,0.0,5,18,834,5,5,32
ONW4VS81OL,67,0,crossover,0.4169699363633095,8.058017727630151e-05,29,1.0,29,2,1415,,29,1415
AJLTVXC9XC,67,0,crossover,0.44859769021044393,0.036852001074402396,16,1.0,16,10,1085,8,16,595
LJGDL5T784,67,0,mutation,0.37849529113307157,0.1210851463873221,13,1.0,13,15,637,5,13,376
W48GK0C3NR,67,0,crossover,0.5138804085896667,0.04684394305667475,12,1.0,12,19,920,8,12,278
10V8IC0WNE,67,0,mutation,0.5273952357858687,0.07072253558957828,11,0.0,11,19,949,8,11,215
OSZ2P70ZS9,67,0,crossover,0.39847054115177416,0.024764974482943902,19,1.0,19,11,1217,,19,641
YC9L59FT0Z,68,0,crossover,0.42129512801509916,0.0,27,1.0,27,7,1374,,27,903
RMKQD9CLWZ,68,0,crossover,0.5704682463711376,0.007252215954875102,9,1.0,9,19,967,8,9,158
TS523YTFAA,68,0,crossover,0.33234648572906267,0.2131077088369594,6,0.0,6,18,834,5,6,54
UVY3XQKXS9,68,0,crossover,0.38684934428937034,0.17287134031694867,5,0.0,5,18,834,5,5,32
ONW4VS81OL,68,0,crossover,0.4169699363633095,8.058017727630151e-05,29,1.0,29,2,1415,,29,1415
LJGDL5T784,68,0,mutation,0.37849529113307157,0.1210851463873221,13,1.0,13,15,637,5,13,376
10V8IC0WNE,68,0,mutation,0.5273952357858687,0.07072253558957828,11,0.0,11,19,949,8,11,215
W48GK0C3NR,68,0,crossover,0.5138804085896667,0.04684394305667475,12,1.0,12,19,920,8,12,278
S0F91AT79J,68,0,mutation,0.384452439684024,0.04926134837496643,18,1.0,18,8,557,,18,557
HBM6YLMOJF,68,0,crossover,0.3949282704081656,0.01721729787805537,15,0.0,15,7,997,5,15,717
YC9L59FT0Z,69,0,crossover,0.42129512801509916,0.0,27,1.0,27,7,1374,,27,903
RMKQD9CLWZ,69,0,crossover,0.5704682463711376,0.007252215954875102,9,1.0,9,19,967,8,9,158
TS523YTFAA,69,0,crossover,0.33234648572906267,0.2131077088369594,6,0.0,6,18,834,5,6,54
UVY3XQKXS9,69,0,crossover,0.38684934428937034,0.17287134031694867,5,0.0,5,18,834,5,5,32
ONW4VS81OL,69,0,crossover,0.4169699363633095,8.058017727630151e-05,29,1.0,29,2,1415,,29,1415
S0F91AT79J,69,0,mutation,0.384452439684024,0.04926134837496643,18,1.0,18,8,557,,18,557
U6VOY7FIDC,69,0,crossover,0.46152123689828706,0.07872683319903306,9,0.0,9,19,908,7,9,149
NGYLVD230G,69,0,crossover,0.3405862643651508,0.17789417136717706,7,0.0,7,16,691,5,7,89
10V8IC0WNE,69,0,mutation,0.5273952357858687,0.07072253558957828,11,0.0,11,19,949,8,11,215
S0L5I2HH0P,69,0,crossover,0.48840061772842513,0.021300026860059107,13,1.0,13,13,717,8,13,379
YC9L59FT0Z,70,0,crossover,0.42129512801509916,0.0,27,1.0,27,7,1374,,27,903
RMKQD9CLWZ,70,0,crossover,0.5704682463711376,0.007252215954875102,9,1.0,9,19,967,8,9,158
TS523YTFAA,70,0,crossover,0.33234648572906267,0.2131077088369594,6,0.0,6,18,834,5,6,54
UVY3XQKXS9,70,0,crossover,0.38684934428937034,0.17287134031694867,5,0.0,5,18,834,5,5,32
ONW4VS81OL,70,0,crossover,0.4169699363633095,8.058017727630151e-05,29,1.0,29,2,1415,,29,1415
S0F91AT79J,70,0,mutation,0.384452439684024,0.04926134837496643,18,1.0,18,8,557,,18,557
S0L5I2HH0P,70,0,crossover,0.48840061772842513,0.021300026860059107,13,1.0,13,13,717,8,13,379
IC5C3KOILA,70,0,mutation,0.38612605350693197,0.10966962127316687,15,1.0,15,10,904,,15,555
10V8IC0WNE,70,0,mutation,0.5273952357858687,0.07072253558957828,11,0.0,11,19,949,8,11,215
U6VOY7FIDC,70,0,crossover,0.46152123689828706,0.07872683319903306,9,0.0,9,19,908,7,9,149
YC9L59FT0Z,71,0,crossover,0.42129512801509916,0.0,27,1.0,27,7,1374,,27,903
TS523YTFAA,71,0,crossover,0.33234648572906267,0.2131077088369594,6,0.0,6,18,834,5,6,54
RMKQD9CLWZ,71,0,crossover,0.5704682463711376,0.007252215954875102,9,1.0,9,19,967,8,9,158
UVY3XQKXS9,71,0,crossover,0.38684934428937034,0.17287134031694867,5,0.0,5,18,834,5,5,32
ONW4VS81OL,71,0,crossover,0.4169699363633095,8.058017727630151e-05,29,1.0,29,2,1415,,29,1415
S0F91AT79J,71,0,mutation,0.384452439684024,0.04926134837496643,18,1.0,18,8,557,,18,557
S0L5I2HH0P,71,0,crossover,0.48840061772842513,0.021300026860059107,13,1.0,13,13,717,8,13,379
10V8IC0WNE,71,0,mutation,0.5273952357858687,0.07072253558957828,11,0.0,11,19,949,8,11,215
LOER345EVT,71,0,crossover,0.4587323381746311,0.15643298415256515,10,1.0,10,16,790,7,10,206
ZVY07VZUCZ,71,0,mutation,0.3513729414300165,0.18640881009938226,9,0.0,9,15,761,5,9,187
YC9L59FT0Z,72,0,crossover,0.42129512801509916,0.0,27,1.0,27,7,1374,,27,903
RMKQD9CLWZ,72,0,crossover,0.5704682463711376,0.007252215954875102,9,1.0,9,19,967,8,9,158
TS523YTFAA,72,0,crossover,0.33234648572906267,0.2131077088369594,6,0.0,6,18,834,5,6,54
UVY3XQKXS9,72,0,crossover,0.38684934428937034,0.17287134031694867,5,0.0,5,18,834,5,5,32
ONW4VS81OL,72,0,crossover,0.4169699363633095,8.058017727630151e-05,29,1.0,29,2,1415,,29,1415
S0F91AT79J,72,0,mutation,0.384452439684024,0.04926134837496643,18,1.0,18,8,557,,18,557
S0L5I2HH0P,72,0,crossover,0.48840061772842513,0.021300026860059107,13,1.0,13,13,717,8,13,379
5I7AV9N1MT,72,0,crossover,0.4619293299944983,0.07872683319903306,9,0.0,9,19,903,7,9,149
J6J5R755OG,72,0,mutation,0.42829198625101383,0.12825678216492076,8,1.0,8,19,912,7,8,111
EFMIUALODT,72,0,crossover,0.3854467208153938,0.12731668009669628,13,1.0,13,15,734,5,13,373
YC9L59FT0Z,73,0,crossover,0.42129512801509916,0.0,27,1.0,27,7,1374,,27,903
RMKQD9CLWZ,73,0,crossover,0.5704682463711376,0.007252215954875102,9,1.0,9,19,967,8,9,158
TS523YTFAA,73,0,crossover,0.33234648572906267,0.2131077088369594,6,0.0,6,18,834,5,6,54
UVY3XQKXS9,73,0,crossover,0.38684934428937034,0.17287134031694867,5,0.0,5,18,834,5,5,32
ONW4VS81OL,73,0,crossover,0.4169699363633095,8.058017727630151e-05,29,1.0,29,2,1415,,29,1415
5I7AV9N1MT,73,0,crossover,0.4619293299944983,0.07872683319903306,9,0.0,9,19,903,7,9,149
S0L5I2HH0P,73,0,crossover,0.48840061772842513,0.021300026860059107,13,1.0,13,13,717,8,13,379
OCQHZ6YH05,73,0,crossover,0.3782147317471093,0.20290088638195003,6,0.0,6,18,875,6,6,54
SYF6UCN5S9,73,0,mutation,0.4017698745976671,0.04697824335213541,20,1.0,20,12,1265,,20,615
EFMIUALODT,73,0,crossover,0.3854467208153938,0.12731668009669628,13,1.0,13,15,734,5,13,373
YC9L59FT0Z,74,0,crossover,0.42129512801509916,0.0,27,1.0,27,7,1374,,27,903
RMKQD9CLWZ,74,0,crossover,0.5704682463711376,0.007252215954875102,9,1.0,9,19,967,8,9,158
TS523YTFAA,74,0,crossover,0.33234648572906267,0.2131077088369594,6,0.0,6,18,834,5,6,54
UVY3XQKXS9,74,0,crossover,0.38684934428937034,0.17287134031694867,5,0.0,5,18,834,5,5,32
ONW4VS81OL,74,0,crossover,0.4169699363633095,8.058017727630151e-05,29,1.0,29,2,1415,,29,1415
S0L5I2HH0P,74,0,crossover,0.48840061772842513,0.021300026860059107,13,1.0,13,13,717,8,13,379
EFMIUALODT,74,0,crossover,0.3854467208153938,0.12731668009669628,13,1.0,13,15,734,5,13,373
SYF6UCN5S9,74,0,mutation,0.4017698745976671,0.04697824335213541,20,1.0,20,12,1265,,20,615
5I7AV9N1MT,74,0,crossover,0.4619293299944983,0.07872683319903306,9,0.0,9,19,903,7,9,149
S46J37TMFT,74,0,crossover,0.4448269989371343,0.051517593338705314,17,1.0,17,7,1104,8,17,747
YC9L59FT0Z,75,0,crossover,0.42129512801509916,0.0,27,1.0,27,7,1374,,27,903
KBSTJJ0OKW,75,0,crossover,0.5701548338860744,0.007252215954875102,9,1.0,9,19,948,8,9,158
TS523YTFAA,75,0,crossover,0.33234648572906267,0.2131077088369594,6,0.0,6,18,834,5,6,54
XA2DEMYHMV,75,0,crossover,0.33234648572906267,0.2131077088369594,6,0.0,6,18,834,5,6,54
UVY3XQKXS9,75,0,crossover,0.38684934428937034,0.17287134031694867,5,0.0,5,18,834,5,5,32
ONW4VS81OL,75,0,crossover,0.4169699363633095,8.058017727630151e-05,29,1.0,29,2,1415,,29,1415
S0L5I2HH0P,75,0,crossover,0.48840061772842513,0.021300026860059107,13,1.0,13,13,717,8,13,379
KFF0TFUKZV,75,0,mutation,0.3737957557127187,0.11291968842331457,13,0.0,13,10,1010,5,13,495
S46J37TMFT,75,0,crossover,0.4448269989371343,0.051517593338705314,17,1.0,17,7,1104,8,17,747
SYF6UCN5S9,75,0,mutation,0.4017698745976671,0.04697824335213541,20,1.0,20,12,1265,,20,615
YC9L59FT0Z,76,0,crossover,0.42129512801509916,0.0,27,1.0,27,7,1374,,27,903
KBSTJJ0OKW,76,0,crossover,0.5701548338860744,0.007252215954875102,9,1.0,9,19,948,8,9,158
TS523YTFAA,76,0,crossover,0.33234648572906267,0.2131077088369594,6,0.0,6,18,834,5,6,54
XA2DEMYHMV,76,0,crossover,0.33234648572906267,0.2131077088369594,6,0.0,6,18,834,5,6,54
UVY3XQKXS9,76,0,crossover,0.38684934428937034,0.17287134031694867,5,0.0,5,18,834,5,5,32
ONW4VS81OL,76,0,crossover,0.4169699363633095,8.058017727630151e-05,29,1.0,29,2,1415,,29,1415
S0L5I2HH0P,76,0,crossover,0.48840061772842513,0.021300026860059107,13,1.0,13,13,717,8,13,379
KFF0TFUKZV,76,0,mutation,0.3737957557127187,0.11291968842331457,13,0.0,13,10,1010,5,13,495
SYF6UCN5S9,76,0,mutation,0.4017698745976671,0.04697824335213541,20,1.0,20,12,1265,,20,615
E8762UY0YN,76,0,crossover,0.39517460503938684,0.07604082728982009,14,0.0,14,7,1049,,14,658
YC9L59FT0Z,77,0,crossover,0.42129512801509916,0.0,27,1.0,27,7,1374,,27,903
KBSTJJ0OKW,77,0,crossover,0.5701548338860744,0.007252215954875102,9,1.0,9,19,948,8,9,158
XA2DEMYHMV,77,0,crossover,0.33234648572906267,0.2131077088369594,6,0.0,6,18,834,5,6,54
TS523YTFAA,77,0,crossover,0.33234648572906267,0.2131077088369594,6,0.0,6,18,834,5,6,54
UVY3XQKXS9,77,0,crossover,0.38684934428937034,0.17287134031694867,5,0.0,5,18,834,5,5,32
ONW4VS81OL,77,0,crossover,0.4169699363633095,8.058017727630151e-05,29,1.0,29,2,1415,,29,1415
SYF6UCN5S9,77,0,mutation,0.4017698745976671,0.04697824335213541,20,1.0,20,12,1265,,20,615
S0L5I2HH0P,77,0,crossover,0.48840061772842513,0.021300026860059107,13,1.0,13,13,717,8,13,379
YUOKS0YLLV,77,0,crossover,0.5048473220342595,0.06282567821649207,12,1.0,12,15,1021,8,12,313
KFF0TFUKZV,77,0,mutation,0.3737957557127187,0.11291968842331457,13,0.0,13,10,1010,5,13,495
YC9L59FT0Z,78,0,crossover,0.42129512801509916,0.0,27,1.0,27,7,1374,,27,903
BUOL2W8BNS,78,0,mutation,0.5714098589474812,0.0009132420091323978,11,1.0,11,17,852,8,11,252
TS523YTFAA,78,0,crossover,0.33234648572906267,0.2131077088369594,6,0.0,6,18,834,5,6,54
XA2DEMYHMV,78,0,crossover,0.33234648572906267,0.2131077088369594,6,0.0,6,18,834,5,6,54
UVY3XQKXS9,78,0,crossover,0.38684934428937034,0.17287134031694867,5,0.0,5,18,834,5,5,32
ONW4VS81OL,78,0,crossover,0.4169699363633095,8.058017727630151e-05,29,1.0,29,2,1415,,29,1415
YUOKS0YLLV,78,0,crossover,0.5048473220342595,0.06282567821649207,12,1.0,12,15,1021,8,12,313
KFF0TFUKZV,78,0,mutation,0.3737957557127187,0.11291968842331457,13,0.0,13,10,1010,5,13,495
ICOG9LXU3U,78,0,crossover,0.4748131146241149,0.010153102336825148,15,1.0,15,12,881,8,15,488
SYF6UCN5S9,78,0,mutation,0.4017698745976671,0.04697824335213541,20,1.0,20,12,1265,,20,615
YC9L59FT0Z,79,0,crossover,0.42129512801509916,0.0,27,1.0,27,7,1374,,27,903
BUOL2W8BNS,79,0,mutation,0.5714098589474812,0.0009132420091323978,11,1.0,11,17,852,8,11,252
TS523YTFAA,79,0,crossover,0.33234648572906267,0.2131077088369594,6,0.0,6,18,834,5,6,54
XA2DEMYHMV,79,0,crossover,0.33234648572906267,0.2131077088369594,6,0.0,6,18,834,5,6,54
UVY3XQKXS9,79,0,crossover,0.38684934428937034,0.17287134031694867,5,0.0,5,18,834,5,5,32
ONW4VS81OL,79,0,crossover,0.4169699363633095,8.058017727630151e-05,29,1.0,29,2,1415,,29,1415
9IPUCO7KZO,79,0,crossover,0.46799699355205016,0.16266451786193928,10,1.0,10,18,846,7,10,197
KFF0TFUKZV,79,0,mutation,0.3737957557127187,0.11291968842331457,13,0.0,13,10,1010,5,13,495
YUOKS0YLLV,79,0,crossover,0.5048473220342595,0.06282567821649207,12,1.0,12,15,1021,8,12,313
BT8JZ24472,79,0,crossover,0.3972899130112677,0.01659951651893632,20,1.0,20,11,1262,,20,655
YC9L59FT0Z,80,0,crossover,0.42129512801509916,0.0,27,1.0,27,7,1374,,27,903
BUOL2W8BNS,80,0,mutation,0.5714098589474812,0.0009132420091323978,11,1.0,11,17,852,8,11,252
TS523YTFAA,80,0,crossover,0.33234648572906267,0.2131077088369594,6,0.0,6,18,834,5,6,54
XA2DEMYHMV,80,0,crossover,0.33234648572906267,0.2131077088369594,6,0.0,6,18,834,5,6,54
UVY3XQKXS9,80,0,crossover,0.38684934428937034,0.17287134031694867,5,0.0,5,18,834,5,5,32
ONW4VS81OL,80,0,crossover,0.4169699363633095,8.058017727630151e-05,29,1.0,29,2,1415,,29,1415
YUOKS0YLLV,80,0,crossover,0.5048473220342595,0.06282567821649207,12,1.0,12,15,1021,8,12,313
KFF0TFUKZV,80,0,mutation,0.3737957557127187,0.11291968842331457,13,0.0,13,10,1010,5,13,495
BUMB6L563I,80,0,crossover,0.46994681791453585,0.033333333333333326,15,1.0,15,11,1003,8,15,509
OMH7OEQ5D8,80,0,crossover,0.411272438820103,0.07724952994896589,8,0.0,8,16,905,6,8,127
BUOL2W8BNS,81,0,mutation,0.5714098589474812,0.0009132420091323978,11,1.0,11,17,852,8,11,252
YC9L59FT0Z,81,0,crossover,0.42129512801509916,0.0,27,1.0,27,7,1374,,27,903
TS523YTFAA,81,0,crossover,0.33234648572906267,0.2131077088369594,6,0.0,6,18,834,5,6,54
XA2DEMYHMV,81,0,crossover,0.33234648572906267,0.2131077088369594,6,0.0,6,18,834,5,6,54
UVY3XQKXS9,81,0,crossover,0.38684934428937034,0.17287134031694867,5,0.0,5,18,834,5,5,32
ONW4VS81OL,81,0,crossover,0.4169699363633095,8.058017727630151e-05,29,1.0,29,2,1415,,29,1415
KFF0TFUKZV,81,0,mutation,0.3737957557127187,0.11291968842331457,13,0.0,13,10,1010,5,13,495
YUOKS0YLLV,81,0,crossover,0.5048473220342595,0.06282567821649207,12,1.0,12,15,1021,8,12,313
BUMB6L563I,81,0,crossover,0.46994681791453585,0.033333333333333326,15,1.0,15,11,1003,8,15,509
OMH7OEQ5D8,81,0,crossover,0.411272438820103,0.07724952994896589,8,0.0,8,16,905,6,8,127
YC9L59FT0Z,82,0,crossover,0.42129512801509916,0.0,27,1.0,27,7,1374,,27,903
BUOL2W8BNS,82,0,mutation,0.5714098589474812,0.0009132420091323978,11,1.0,11,17,852,8,11,252
TS523YTFAA,82,0,crossover,0.33234648572906267,0.2131077088369594,6,0.0,6,18,834,5,6,54
W1JXLUHAVK,82,0,crossover,0.33234648572906267,0.2131077088369594,6,0.0,6,18,834,5,6,54
UVY3XQKXS9,82,0,crossover,0.38684934428937034,0.17287134031694867,5,0.0,5,18,834,5,5,32
ONW4VS81OL,82,0,crossover,0.4169699363633095,8.058017727630151e-05,29,1.0,29,2,1415,,29,1415
BUMB6L563I,82,0,crossover,0.46994681791453585,0.033333333333333326,15,1.0,15,11,1003,8,15,509
YUOKS0YLLV,82,0,crossover,0.5048473220342595,0.06282567821649207,12,1.0,12,15,1021,8,12,313
A7QJLG0KVV,82,0,mutation,0.40186767783829547,0.09957023905452594,21,1.0,21,15,1187,5,21,531
QZKEH18KAY,82,0,crossover,0.40117786047416826,0.08780553317217299,22,1.0,22,14,1184,5,22,557
YC9L59FT0Z,83,0,crossover,0.42129512801509916,0.0,27,1.0,27,7,1374,,27,903
BUOL2W8BNS,83,0,mutation,0.5714098589474812,0.0009132420091323978,11,1.0,11,17,852,8,11,252
TS523YTFAA,83,0,crossover,0.33234648572906267,0.2131077088369594,6,0.0,6,18,834,5,6,54
WQ442QH27N,83,0,crossover,0.33234648572906267,0.2131077088369594,6,0.0,6,18,834,5,6,54
UVY3XQKXS9,83,0,crossover,0.38684934428937034,0.17287134031694867,5,0.0,5,18,834,5,5,32
ONW4VS81OL,83,0,crossover,0.4169699363633095,8.058017727630151e-05,29,1.0,29,2,1415,,29,1415
BUMB6L563I,83,0,crossover,0.46994681791453585,0.033333333333333326,15,1.0,15,11,1003,8,15,509
YUOKS0YLLV,83,0,crossover,0.5048473220342595,0.06282567821649207,12,1.0,12,15,1021,8,12,313
UTASEC9DC6,83,0,crossover,0.4689148888674338,0.16038141283910826,10,1.0,10,18,847,7,10,197
QZKEH18KAY,83,0,crossover,0.40117786047416826,0.08780553317217299,22,1.0,22,14,1184,5,22,557
YC9L59FT0Z,84,0,crossover,0.42129512801509916,0.0,27,1.0,27,7,1374,,27,903
TS523YTFAA,84,0,crossover,0.33234648572906267,0.2131077088369594,6,0.0,6,18,834,5,6,54
BUOL2W8BNS,84,0,mutation,0.5714098589474812,0.0009132420091323978,11,1.0,11,17,852,8,11,252
WQ442QH27N,84,0,crossover,0.33234648572906267,0.2131077088369594,6,0.0,6,18,834,5,6,54
UVY3XQKXS9,84,0,crossover,0.38684934428937034,0.17287134031694867,5,0.0,5,18,834,5,5,32
ONW4VS81OL,84,0,crossover,0.4169699363633095,8.058017727630151e-05,29,1.0,29,2,1415,,29,1415
BUMB6L563I,84,0,crossover,0.46994681791453585,0.033333333333333326,15,1.0,15,11,1003,8,15,509
YUOKS0YLLV,84,0,crossover,0.5048473220342595,0.06282567821649207,12,1.0,12,15,1021,8,12,313
DSXG5DM7U1,84,0,crossover,0.40635429395777933,0.020547945205479423,23,1.0,23,11,1132,,23,677
BRK1CFYG79,84,0,crossover,0.388379702013976,0.13529411764705884,9,0.0,9,13,897,6,9,186
TS523YTFAA,85,0,crossover,0.33234648572906267,0.2131077088369594,6,0.0,6,18,834,5,6,54
YC9L59FT0Z,85,0,crossover,0.42129512801509916,0.0,27,1.0,27,7,1374,,27,903
BUOL2W8BNS,85,0,mutation,0.5714098589474812,0.0009132420091323978,11,1.0,11,17,852,8,11,252
WQ442QH27N,85,0,crossover,0.33234648572906267,0.2131077088369594,6,0.0,6,18,834,5,6,54
UVY3XQKXS9,85,0,crossover,0.38684934428937034,0.17287134031694867,5,0.0,5,18,834,5,5,32
ONW4VS81OL,85,0,crossover,0.4169699363633095,8.058017727630151e-05,29,1.0,29,2,1415,,29,1415
80AQU6C2OE,85,0,mutation,0.37171562369721334,0.14294923448831592,13,0.0,13,12,1074,,13,452
YUOKS0YLLV,85,0,crossover,0.5048473220342595,0.06282567821649207,12,1.0,12,15,1021,8,12,313
DSXG5DM7U1,85,0,crossover,0.40635429395777933,0.020547945205479423,23,1.0,23,11,1132,,23,677
BUMB6L563I,85,0,crossover,0.46994681791453585,0.033333333333333326,15,1.0,15,11,1003,8,15,509
YC9L59FT0Z,86,0,crossover,0.42129512801509916,0.0,27,1.0,27,7,1374,,27,903
TS523YTFAA,86,0,crossover,0.33234648572906267,0.2131077088369594,6,0.0,6,18,834,5,6,54
BUOL2W8BNS,86,0,mutation,0.5714098589474812,0.0009132420091323978,11,1.0,11,17,852,8,11,252
6ELAX6D1UM,86,0,crossover,0.33234648572906267,0.2131077088369594,6,0.0,6,18,834,5,6,54
UVY3XQKXS9,86,0,crossover,0.38684934428937034,0.17287134031694867,5,0.0,5,18,834,5,5,32
ONW4VS81OL,86,0,crossover,0.4169699363633095,8.058017727630151e-05,29,1.0,29,2,1415,,29,1415
80AQU6C2OE,86,0,mutation,0.37171562369721334,0.14294923448831592,13,0.0,13,12,1074,,13,452
YUOKS0YLLV,86,0,crossover,0.5048473220342595,0.06282567821649207,12,1.0,12,15,1021,8,12,313
8H8EIZV5P9,86,0,mutation,0.4183233226470796,0.06355089981197959,8,0.0,8,12,842,6,8,135
BUMB6L563I,86,0,crossover,0.46994681791453585,0.033333333333333326,15,1.0,15,11,1003,8,15,509
YC9L59FT0Z,87,0,crossover,0.42129512801509916,0.0,27,1.0,27,7,1374,,27,903
TS523YTFAA,87,0,crossover,0.33234648572906267,0.2131077088369594,6,0.0,6,18,834,5,6,54
BUOL2W8BNS,87,0,mutation,0.5714098589474812,0.0009132420091323978,11,1.0,11,17,852,8,11,252
6ELAX6D1UM,87,0,crossover,0.33234648572906267,0.2131077088369594,6,0.0,6,18,834,5,6,54
UVY3XQKXS9,87,0,crossover,0.38684934428937034,0.17287134031694867,5,0.0,5,18,834,5,5,32
ONW4VS81OL,87,0,crossover,0.4169699363633095,8.058017727630151e-05,29,1.0,29,2,1415,,29,1415
80AQU6C2OE,87,0,mutation,0.37171562369721334,0.14294923448831592,13,0.0,13,12,1074,,13,452
IJZBSQPFX9,87,0,crossover,0.40059932204702675,0.0273972602739726,18,1.0,18,10,1045,,18,663
YUOKS0YLLV,87,0,crossover,0.5048473220342595,0.06282567821649207,12,1.0,12,15,1021,8,12,313
8H8EIZV5P9,87,0,mutation,0.4183233226470796,0.06355089981197959,8,0.0,8,12,842,6,8,135
YC9L59FT0Z,88,0,crossover,0.42129512801509916,0.0,27,1.0,27,7,1374,,27,903
BUOL2W8BNS,88,0,mutation,0.5714098589474812,0.0009132420091323978,11,1.0,11,17,852,8,11,252
TS523YTFAA,88,0,crossover,0.33234648572906267,0.2131077088369594,6,0.0,6,18,834,5,6,54
6ELAX6D1UM,88,0,crossover,0.33234648572906267,0.2131077088369594,6,0.0,6,18,834,5,6,54
UVY3XQKXS9,88,0,crossover,0.38684934428937034,0.17287134031694867,5,0.0,5,18,834,5,5,32
ONW4VS81OL,88,0,crossover,0.4169699363633095,8.058017727630151e-05,29,1.0,29,2,1415,,29,1415
J2F6GZ82WL,88,0,crossover,0.5011426868706917,0.05922643029814667,12,0.0,12,13,935,8,12,292
CCE315HHFF,88,0,crossover,0.36520480332889416,0.1272360999194198,12,1.0,12,16,991,,12,316
DPXFK319S1,88,0,mutation,0.4136246080215261,0.07182379801235561,17,0.0,17,6,1168,,17,874
I2P3LCOIVP,88,0,crossover,0.3958758394063947,0.006150953532097714,20,1.0,20,11,1246,,20,651
YC9L59FT0Z,89,0,crossover,0.42129512801509916,0.0,27,1.0,27,7,1374,,27,903
TS523YTFAA,89,0,crossover,0.33234648572906267,0.2131077088369594,6,0.0,6,18,834,5,6,54
BUOL2W8BNS,89,0,mutation,0.5714098589474812,0.0009132420091323978,11,1.0,11,17,852,8,11,252
6ELAX6D1UM,89,0,crossover,0.33234648572906267,0.2131077088369594,6,0.0,6,18,834,5,6,54
UVY3XQKXS9,89,0,crossover,0.38684934428937034,0.17287134031694867,5,0.0,5,18,834,5,5,32
ONW4VS81OL,89,0,crossover,0.4169699363633095,8.058017727630151e-05,29,1.0,29,2,1415,,29,1415
CCE315HHFF,89,0,crossover,0.36520480332889416,0.1272360999194198,12,1.0,12,16,991,,12,316
4DU9SF1I55,89,0,crossover,0.46173037159364805,0.023502551705613717,16,1.0,16,11,1022,8,16,556
4TA3T0DDNI,89,0,crossover,0.4124417102050668,0.07496642492613481,8,0.0,8,17,839,6,8,124
J2F6GZ82WL,89,0,crossover,0.5011426868706917,0.05922643029814667,12,0.0,12,13,935,8,12,292
YC9L59FT0Z,90,0,crossover,0.42129512801509916,0.0,27,1.0,27,7,1374,,27,903
BUOL2W8BNS,90,0,mutation,0.5714098589474812,0.0009132420091323978,11,1.0,11,17,852,8,11,252
TS523YTFAA,90,0,crossover,0.33234648572906267,0.2131077088369594,6,0.0,6,18,834,5,6,54
6ELAX6D1UM,90,0,crossover,0.33234648572906267,0.2131077088369594,6,0.0,6,18,834,5,6,54
UVY3XQKXS9,90,0,crossover,0.38684934428937034,0.17287134031694867,5,0.0,5,18,834,5,5,32
ONW4VS81OL,90,0,crossover,0.4169699363633095,8.058017727630151e-05,29,1.0,29,2,1415,,29,1415
4DU9SF1I55,90,0,crossover,0.46173037159364805,0.023502551705613717,16,1.0,16,11,1022,8,16,556
J2F6GZ82WL,90,0,crossover,0.5011426868706917,0.05922643029814667,12,0.0,12,13,935,8,12,292
MIDG3I4CCN,90,0,crossover,0.3972899130112677,0.008434058554928847,18,1.0,18,11,1261,,18,624
Q9Y31685HL,90,0,crossover,0.3775795017990543,0.1119527262959979,13,0.0,13,10,1096,5,13,498
YC9L59FT0Z,91,0,crossover,0.42129512801509916,0.0,27,1.0,27,7,1374,,27,903
TS523YTFAA,91,0,crossover,0.33234648572906267,0.2131077088369594,6,0.0,6,18,834,5,6,54
BUOL2W8BNS,91,0,mutation,0.5714098589474812,0.0009132420091323978,11,1.0,11,17,852,8,11,252
6ELAX6D1UM,91,0,crossover,0.33234648572906267,0.2131077088369594,6,0.0,6,18,834,5,6,54
UVY3XQKXS9,91,0,crossover,0.38684934428937034,0.17287134031694867,5,0.0,5,18,834,5,5,32
ONW4VS81OL,91,0,crossover,0.4169699363633095,8.058017727630151e-05,29,1.0,29,2,1415,,29,1415
J2F6GZ82WL,91,0,crossover,0.5011426868706917,0.05922643029814667,12,0.0,12,13,935,8,12,292
MIDG3I4CCN,91,0,crossover,0.3972899130112677,0.008434058554928847,18,1.0,18,11,1261,,18,624
V1BPB1W89Y,91,0,mutation,0.37329709208161543,0.16365834004834812,9,1.0,9,18,843,6,9,164
Q9Y31685HL,91,0,crossover,0.3775795017990543,0.1119527262959979,13,0.0,13,10,1096,5,13,498
YC9L59FT0Z,92,0,crossover,0.42129512801509916,0.0,27,1.0,27,7,1374,,27,903
TS523YTFAA,92,0,crossover,0.33234648572906267,0.2131077088369594,6,0.0,6,18,834,5,6,54
BUOL2W8BNS,92,0,mutation,0.5714098589474812,0.0009132420091323978,11,1.0,11,17,852,8,11,252
6ELAX6D1UM,92,0,crossover,0.33234648572906267,0.2131077088369594,6,0.0,6,18,834,5,6,54
UVY3XQKXS9,92,0,crossover,0.38684934428937034,0.17287134031694867,5,0.0,5,18,834,5,5,32
ONW4VS81OL,92,0,crossover,0.4169699363633095,8.058017727630151e-05,29,1.0,29,2,1415,,29,1415
J2F6GZ82WL,92,0,crossover,0.5011426868706917,0.05922643029814667,12,0.0,12,13,935,8,12,292
MIDG3I4CCN,92,0,crossover,0.3972899130112677,0.008434058554928847,18,1.0,18,11,1261,,18,624
Q9Y31685HL,92,0,crossover,0.3775795017990543,0.1119527262959979,13,0.0,13,10,1096,5,13,498
F6HKPYSC8F,92,0,crossover,0.4124417102050668,0.07496642492613481,8,0.0,8,17,842,6,8,124
YC9L59FT0Z,93,0,crossover,0.42129512801509916,0.0,27,1.0,27,7,1374,,27,903
TS523YTFAA,93,0,crossover,0.33234648572906267,0.2131077088369594,6,0.0,6,18,834,5,6,54
BUOL2W8BNS,93,0,mutation,0.5714098589474812,0.0009132420091323978,11,1.0,11,17,852,8,11,252
6ELAX6D1UM,93,0,crossover,0.33234648572906267,0.2131077088369594,6,0.0,6,18,834,5,6,54
UVY3XQKXS9,93,0,crossover,0.38684934428937034,0.17287134031694867,5,0.0,5,18,834,5,5,32
ONW4VS81OL,93,0,crossover,0.4169699363633095,8.058017727630151e-05,29,1.0,29,2,1415,,29,1415
353FDHQ69S,93,0,crossover,0.45249514308053285,0.03456889605157132,16,1.0,16,9,1103,8,16,622
J2F6GZ82WL,93,0,crossover,0.5011426868706917,0.05922643029814667,12,0.0,12,13,935,8,12,292
MIDG3I4CCN,93,0,crossover,0.3972899130112677,0.008434058554928847,18,1.0,18,11,1261,,18,624
QHKJDD1BEV,93,0,crossover,0.366156699518308,0.11616975557346232,13,0.0,13,11,1036,,13,477
YC9L59FT0Z,94,0,crossover,0.42129512801509916,0.0,27,1.0,27,7,1374,,27,903
TS523YTFAA,94,0,crossover,0.33234648572906267,0.2131077088369594,6,0.0,6,18,834,5,6,54
BUOL2W8BNS,94,0,mutation,0.5714098589474812,0.0009132420091323978,11,1.0,11,17,852,8,11,252
MWNT90Q6DX,94,0,mutation,0.33234648572906267,0.2131077088369594,6,0.0,6,18,834,5,6,54
UVY3XQKXS9,94,0,crossover,0.38684934428937034,0.17287134031694867,5,0.0,5,18,834,5,5,32
ONW4VS81OL,94,0,crossover,0.4169699363633095,8.058017727630151e-05,29,1.0,29,2,1415,,29,1415
J2F6GZ82WL,94,0,crossover,0.5011426868706917,0.05922643029814667,12,0.0,12,13,935,8,12,292
MIDG3I4CCN,94,0,crossover,0.3972899130112677,0.008434058554928847,18,1.0,18,11,1261,,18,624
QHKJDD1BEV,94,0,crossover,0.366156699518308,0.11616975557346232,13,0.0,13,11,1036,,13,477
9DGH15AYP9,94,0,crossover,0.4614474440427546,0.15546602202524842,9,1.0,9,18,844,7,9,152
YC9L59FT0Z,95,0,crossover,0.42129512801509916,0.0,27,1.0,27,7,1374,,27,903
BUOL2W8BNS,95,0,mutation,0.5714098589474812,0.0009132420091323978,11,1.0,11,17,852,8,11,252
MWNT90Q6DX,95,0,mutation,0.33234648572906267,0.2131077088369594,6,0.0,6,18,834,5,6,54
TS523YTFAA,95,0,crossover,0.33234648572906267,0.2131077088369594,6,0.0,6,18,834,5,6,54
UVY3XQKXS9,95,0,crossover,0.38684934428937034,0.17287134031694867,5,0.0,5,18,834,5,5,32
ONW4VS81OL,95,0,crossover,0.4169699363633095,8.058017727630151e-05,29,1.0,29,2,1415,,29,1415
J2F6GZ82WL,95,0,crossover,0.5011426868706917,0.05922643029814667,12,0.0,12,13,935,8,12,292
MIDG3I4CCN,95,0,crossover,0.3972899130112677,0.008434058554928847,18,1.0,18,11,1261,,18,624
QHKJDD1BEV,95,0,crossover,0.366156699518308,0.11616975557346232,13,0.0,13,11,1036,,13,477
CSY6TSQWY4,95,0,mutation,0.3485489527425709,0.17703464947622882,11,0.0,11,10,1028,4,11,366
YC9L59FT0Z,96,0,crossover,0.42129512801509916,0.0,27,1.0,27,7,1374,,27,903
BUOL2W8BNS,96,0,mutation,0.5714098589474812,0.0009132420091323978,11,1.0,11,17,852,8,11,252
MWNT90Q6DX,96,0,mutation,0.33234648572906267,0.2131077088369594,6,0.0,6,18,834,5,6,54
TS523YTFAA,96,0,crossover,0.33234648572906267,0.2131077088369594,6,0.0,6,18,834,5,6,54
UVY3XQKXS9,96,0,crossover,0.38684934428937034,0.17287134031694867,5,0.0,5,18,834,5,5,32
ONW4VS81OL,96,0,crossover,0.4169699363633095,8.058017727630151e-05,29,1.0,29,2,1415,,29,1415
J2F6GZ82WL,96,0,crossover,0.5011426868706917,0.05922643029814667,12,0.0,12,13,935,8,12,292
MIDG3I4CCN,96,0,crossover,0.3972899130112677,0.008434058554928847,18,1.0,18,11,1261,,18,624
IAMWEL0P1F,96,0,crossover,0.41284201128747566,0.0022831050228310223,23,1.0,23,8,1228,,23,823
QHKJDD1BEV,96,0,crossover,0.366156699518308,0.11616975557346232,13,0.0,13,11,1036,,13,477
YC9L59FT0Z,97,0,crossover,0.42129512801509916,0.0,27,1.0,27,7,1374,,27,903
MWNT90Q6DX,97,0,mutation,0.33234648572906267,0.2131077088369594,6,0.0,6,18,834,5,6,54
TS523YTFAA,97,0,crossover,0.33234648572906267,0.2131077088369594,6,0.0,6,18,834,5,6,54
BUOL2W8BNS,97,0,mutation,0.5714098589474812,0.0009132420091323978,11,1.0,11,17,852,8,11,252
UVY3XQKXS9,97,0,crossover,0.38684934428937034,0.17287134031694867,5,0.0,5,18,834,5,5,32
ONW4VS81OL,97,0,crossover,0.4169699363633095,8.058017727630151e-05,29,1.0,29,2,1415,,29,1415
J2F6GZ82WL,97,0,crossover,0.5011426868706917,0.05922643029814667,12,0.0,12,13,935,8,12,292
MIDG3I4CCN,97,0,crossover,0.3972899130112677,0.008434058554928847,18,1.0,18,11,1261,,18,624
QHKJDD1BEV,97,0,crossover,0.366156699518308,0.11616975557346232,13,0.0,13,11,1036,,13,477
SPPBEBAVNW,97,0,crossover,0.38356719503436887,0.06980929358044585,14,0.0,14,10,1035,,14,548
YC9L59FT0Z,98,0,crossover,0.42129512801509916,0.0,27,1.0,27,7,1374,,27,903
BUOL2W8BNS,98,0,mutation,0.5714098589474812,0.0009132420091323978,11,1.0,11,17,852,8,11,252
MWNT90Q6DX,98,0,mutation,0.33234648572906267,0.2131077088369594,6,0.0,6,18,834,5,6,54
TS523YTFAA,98,0,crossover,0.33234648572906267,0.2131077088369594,6,0.0,6,18,834,5,6,54
UVY3XQKXS9,98,0,crossover,0.38684934428937034,0.17287134031694867,5,0.0,5,18,834,5,5,32
ONW4VS81OL,98,0,crossover,0.4169699363633095,8.058017727630151e-05,29,1.0,29,2,1415,,29,1415
J2F6GZ82WL,98,0,crossover,0.5011426868706917,0.05922643029814667,12,0.0,12,13,935,8,12,292
508LLSKUCK,98,0,mutation,0.4593526650409673,0.08100993822186409,9,0.0,9,14,891,7,9,170
MIDG3I4CCN,98,0,crossover,0.3972899130112677,0.008434058554928847,18,1.0,18,11,1261,,18,624
XI5U0BMUEJ,98,0,crossover,0.4028059251957714,0.007467096427612119,19,1.0,19,9,1118,,19,721
YC9L59FT0Z,99,0,crossover,0.42129512801509916,0.0,27,1.0,27,7,1374,,27,903
BUOL2W8BNS,99,0,mutation,0.5714098589474812,0.0009132420091323978,11,1.0,11,17,852,8,11,252
TS523YTFAA,99,0,crossover,0.33234648572906267,0.2131077088369594,6,0.0,6,18,834,5,6,54
MWNT90Q6DX,99,0,mutation,0.33234648572906267,0.2131077088369594,6,0.0,6,18,834,5,6,54
UVY3XQKXS9,99,0,crossover,0.38684934428937034,0.17287134031694867,5,0.0,5,18,834,5,5,32
ONW4VS81OL,99,0,crossover,0.4169699363633095,8.058017727630151e-05,29,1.0,29,2,1415,,29,1415
J2F6GZ82WL,99,0,crossover,0.5011426868706917,0.05922643029814667,12,0.0,12,13,935,8,12,292
508LLSKUCK,99,0,mutation,0.4593526650409673,0.08100993822186409,9,0.0,9,14,891,7,9,170
5LRJ0VVWEM,99,0,crossover,0.3720530444233249,0.1406661294654848,13,0.0,13,11,1056,5,13,475
MIDG3I4CCN,99,0,crossover,0.3972899130112677,0.008434058554928847,18,1.0,18,11,1261,,18,624
YC9L59FT0Z,100,0,crossover,0.42129512801509916,0.0,27,1.0,27,7,1374,,27,903
TS523YTFAA,100,0,crossover,0.33234648572906267,0.2131077088369594,6,0.0,6,18,834,5,6,54
BUOL2W8BNS,100,0,mutation,0.5714098589474812,0.0009132420091323978,11,1.0,11,17,852,8,11,252
MWNT90Q6DX,100,0,mutation,0.33234648572906267,0.2131077088369594,6,0.0,6,18,834,5,6,54
UVY3XQKXS9,100,0,crossover,0.38684934428937034,0.17287134031694867,5,0.0,5,18,834,5,5,32
ONW4VS81OL,100,0,crossover,0.4169699363633095,8.058017727630151e-05,29,1.0,29,2,1415,,29,1415
MIDG3I4CCN,100,0,crossover,0.3972899130112677,0.008434058554928847,18,1.0,18,11,1261,,18,624
J2F6GZ82WL,100,0,crossover,0.5011426868706917,0.05922643029814667,12,0.0,12,13,935,8,12,292
508LLSKUCK,100,0,mutation,0.4593526650409673,0.08100993822186409,9,0.0,9,14,891,7,9,170
A4EA8JK8OQ,100,0,mutation,0.3961115930457919,0.08192318023099654,14,0.0,14,7,907,,14,665
