id,creation_mode,error,dem_fp,complexity,criterion,max_depth,min_samples_split,max_leaf_nodes,class_weight,actual_depth,actual_leaves
XLOLP6DO1S,inicialization,0.4126258524060282,0.057077625570776225,29,0.0,,2,,,29,1415
HJSFCJVV5S,inicialization,0.4182967553960505,0.024227773301101263,29,1.0,29,2,1415,,29,1415
WAIN0FP2N7,inicialization,0.48342554272919447,0.07899543378995433,23,0.0,28,36,770,2,23,268
ARLKJK0FM2,inicialization,0.4122407228670215,0.1886650550631211,5,0.0,5,18,830,6,5,32
EKZFCFRVTO,inicialization,0.39200182542243567,0.20620467365028206,13,1.0,13,31,135,3,13,135
934C5WOAYL,inicialization,0.4082353112608248,0.1277733011012625,21,0.0,21,4,1342,3,21,1200
B7VVU90NX5,inicialization,0.3355251354358211,0.179129734085415,14,0.0,19,35,104,5,14,104
QICSZV7ASV,inicialization,0.4569609764138426,0.09602471125436474,11,1.0,11,35,302,7,11,172
NHVBLQZEV5,inicialization,0.5270473485365413,0.05439161966156325,15,1.0,15,29,1341,8,15,285
RFEXGUM4AH,inicialization,0.4942707263777224,0.10558689229116305,23,1.0,24,15,1238,9,23,558
2VHSAA4EOH,crossover,0.5015965085711614,0.03113080848777866,15,1.0,15,19,1341,8,15,380
9FQATV8QR8,crossover,0.3804502922774454,0.10343808756379269,23,0.0,29,12,1415,,23,621
O1M1J1NPA6,crossover,0.38561199188598594,0.1210851463873221,23,1.0,23,23,858,,23,385
VE1AP6MBIF,mutation,0.40446068243083033,0.08845017459038418,17,1.0,17,10,692,3,17,657
4SIQNVC502,crossover,0.4126258524060282,0.03274241203330641,29,1.0,29,2,1415,,29,1415
A128W4VMG8,crossover,0.4083677661705968,0.05347837765243091,29,0.0,29,2,1415,,29,1408
MEKLSTAXNN,crossover,0.39180214786620426,0.17244157937147464,22,1.0,22,12,1262,6,22,620
GJFVVQ5VXI,mutation,0.386752136226165,0.12406661294654853,12,0.0,12,8,983,,12,467
UAZMIT6KYC,mutation,0.4101597543693757,0.0930701047542305,24,1.0,24,14,1394,,24,559
V1MZEAR13Y,crossover,0.4380956586097686,0.0733816814396992,20,1.0,20,10,1362,8,20,721
0NQERH057V,mutation,0.4319529076591274,0.10701047542304593,17,1.0,17,32,1028,7,17,299
6EW0GGSMMZ,mutation,0.4460232557830893,0.12078968573730858,17,0.0,17,24,417,7,17,346
JBY8D0E9SY,crossover,0.4265742296565668,0.10666129465484825,17,1.0,17,28,859,7,17,325
C357U8NR4C,crossover,0.4002384790431388,0.08173515981735158,17,0.0,17,26,586,6,17,318
BAW0ZE1KM2,crossover,0.434547223806211,0.1628525382755842,15,1.0,15,16,1103,7,15,412
WRYV29E2AG,crossover,0.4714212153195414,0.11858716089175397,10,0.0,10,12,1089,7,10,233
Z1J7FV65EP,mutation,0.3945853936040328,0.10870265914585014,24,1.0,24,22,1079,,24,403
41VTBGVVMB,mutation,0.37673589707147936,0.1661294654848241,22,0.0,22,15,440,5,22,440
0L9PXDCYJI,mutation,0.44796345384854774,0.051866774106903046,25,1.0,26,11,1396,8,25,684
8KR0I9VZGE,crossover,0.38832736515205313,0.11063658340048343,23,0.0,23,11,1381,,23,650
N4BDHLED9D,mutation,0.3896714957662688,0.1472468439430567,22,1.0,22,28,1388,,22,321
FZ8EJRYQN9,crossover,0.4401227300557631,0.08181573999462799,22,0.0,22,8,1368,8,22,833
0O2HC25S14,crossover,0.47245595455264044,0.08495836690840719,9,0.0,9,16,990,7,9,160
67OKXWILF8,mutation,0.38660455343976796,0.20096696212731668,6,0.0,6,12,929,6,6,55
ONW4VS81OL,crossover,0.4169699363633095,8.058017727630151e-05,29,1.0,29,2,1415,,29,1415
XS9PHCNGJP,crossover,0.415993811213313,0.06295997851195267,29,0.0,29,2,1415,,29,1415
8D2RIO6U5F,crossover,0.40646215143789444,0.15294117647058825,15,0.0,15,17,686,6,15,404
3IL1XO9SPQ,crossover,0.37226754141434404,0.18052645715820576,12,0.0,12,16,584,5,12,340
VPO0CEB6S3,crossover,0.43011369629351237,0.07988181573999464,18,1.0,18,29,892,7,18,328
MNT58I683W,crossover,0.3927284790919554,0.10456621004566213,16,0.0,16,25,553,6,16,324
SVBGWLRM02,crossover,0.3922415250866216,0.12468439430566752,26,1.0,26,19,865,5,26,452
042KTCGIQ6,crossover,0.3704028133404149,0.1602471125436476,22,0.0,22,18,654,,22,439
L3L3BMCEIO,crossover,0.40312763248632655,0.07472468439430563,22,0.0,22,7,1273,,22,868
XA8OHZLAR1,crossover,0.41431966154867095,0.07260273972602738,13,0.0,13,7,1071,6,13,524
W4UT0ITYJX,crossover,0.3697124057776562,0.15374697824335215,20,0.0,21,27,333,5,20,322
7NP20GLAJV,crossover,0.356256848194646,0.1406661294654848,16,0.0,20,23,211,5,16,211
AT6S495PMR,crossover,0.43317846915662883,0.09392962664517862,20,1.0,20,18,1080,7,20,465
APJQ7WOMGM,crossover,0.42151643445488185,0.12326081117378457,17,0.0,17,16,701,6,17,464
6R6CD9SO27,crossover,0.39014191736044745,0.13652968036529678,20,1.0,20,13,1254,6,20,572
T84C40CUDD,crossover,0.38806033639762194,0.05936073059360736,14,0.0,14,7,991,,14,664
Y67LFDPB48,mutation,0.39273211454494716,0.085952189094816,15,0.0,15,26,537,6,15,299
89AKCFFHC4,mutation,0.3668048760494902,0.18772495299489655,13,0.0,13,21,496,5,13,321
GUNGVTH5PY,mutation,0.4000838984832459,0.09543378995433788,18,0.0,18,25,683,6,18,336
NLFBAHG4LK,crossover,0.3599265567793375,0.17859253290357235,10,0.0,10,22,350,5,10,207
S2RW44OF4Y,crossover,0.5123161162496769,0.03507923717432179,13,1.0,13,18,1198,8,13,319
HJGU9Y0CZS,crossover,0.47020094716684935,0.10225624496373892,11,0.0,11,17,1133,7,11,252
LU3LCAVNWL,crossover,0.3954374726108666,0.12352941176470589,16,0.0,16,29,573,6,16,284
EGV6HQZXBX,crossover,0.3901401073514914,0.12449637389202262,12,0.0,12,22,521,6,12,258
46UXU0CF8G,crossover,0.42888311472668283,0.08936341659951652,18,1.0,18,29,1021,7,18,330
4OQDNE69ON,crossover,0.3901039083004102,0.10913242009132418,16,0.0,16,25,424,6,16,324
NCG7Q0R63R,crossover,0.41362837302868205,0.02221326886919156,23,1.0,23,8,1273,,23,821
NPQ6D9ZOAT,mutation,0.39330497030188005,0.14442653773838304,12,0.0,12,6,1071,6,12,477
BNRUWF5BF6,crossover,0.4660274145554304,0.1440504969110932,11,1.0,11,15,1121,7,11,258
UNPCTN1AUB,crossover,0.5474936355248713,0.05965619124362073,8,0.0,8,15,1006,7,8,122
6SKB261L2A,crossover,0.392504940544821,0.07077625570776258,18,0.0,18,8,1188,,18,774
38Q9QJ4KPO,crossover,0.42634904772354265,0.06803652968036528,17,0.0,17,6,1156,6,17,836
87SA4OGR9O,crossover,0.40473877692069327,0.01017996239591723,19,1.0,19,8,1257,,19,774
QQ6C8BP1AK,mutation,0.417166872718746,0.0813859790491539,16,0.0,16,6,1087,6,16,786
KMICXKQ153,crossover,0.4547983952454686,0.036852001074402396,24,1.0,25,12,1352,8,24,649
1LBFZIWY8P,crossover,0.39614266821882105,0.06980929358044585,17,0.0,17,8,1261,,17,748
NZ7JE4U8G7,mutation,0.3846874044432417,0.1315337093741606,15,1.0,15,15,1074,,15,442
KWR4AJ2GQS,crossover,0.3948516534183205,0.14837496642492615,9,0.0,9,11,1013,6,9,196
CBW9BG007A,mutation,0.41556679693490106,0.0911361804995971,22,1.0,22,7,1278,6,22,868
A6U8CK8MBK,crossover,0.39712876449578793,0.042062852538275575,15,0.0,15,7,1066,,15,715
00F2E9KGM9,crossover,0.4208584868408952,0.10193392425463343,23,1.0,23,8,1193,6,23,814
PEJ2QMB04T,crossover,0.389302649445848,0.11265108783239319,12,0.0,12,6,1151,,12,514
RS5WTHWENF,mutation,0.4007540355647683,0.09024979854955684,13,0.0,13,27,502,6,13,247
LGOKLU5RJN,crossover,0.3524152963294166,0.17561106634434603,11,0.0,11,26,432,5,11,227
G2S80AGF9I,mutation,0.38461385620927235,0.17507386516250334,16,1.0,16,14,1057,6,16,478
6Q3C6NOW21,crossover,0.35721266631916604,0.18737577222669893,10,0.0,10,12,1030,,10,266
SLTJ0HELAB,crossover,0.3880062231496404,0.12143432715551977,19,1.0,19,28,907,5,19,317
9ZS4KKY3X2,mutation,0.3765446498353813,0.1302175664786463,19,0.0,19,13,454,,19,454
MPGNEQ1KBF,crossover,0.43069120469168853,0.09059897931775446,21,1.0,21,12,1255,7,21,636
35ALT3EE0I,mutation,0.40440878584081685,0.04109589041095896,16,0.0,16,5,1168,,16,898
184XRM08ZH,crossover,0.39231781298959467,0.12994896588772503,25,1.0,26,25,883,5,25,356
59C9NF1TLS,mutation,0.3775795017990543,0.14461455815202795,20,0.0,22,24,636,,20,347
JP34NBMKQ9,crossover,0.4640218224099957,0.1613483749664249,10,1.0,10,18,1017,7,10,197
04TJUY2LD8,crossover,0.5481625292600483,0.05965619124362073,8,0.0,8,18,1011,7,8,113
PCFD94FPBK,crossover,0.3885836780420209,0.10193392425463343,15,0.0,15,25,653,6,15,312
03Y6GR55A3,crossover,0.35852257359233286,0.1668278270212194,10,0.0,10,22,380,5,10,206
FYU8RBOK3D,crossover,0.39065980057979144,0.11633091592801509,15,0.0,15,28,520,6,15,279
4M1FVCE0W9,mutation,0.3551244030824059,0.1880741337630943,9,0.0,9,25,414,5,9,157
BAB9754XKH,crossover,0.39437028285282294,0.0931506849315068,16,0.0,16,26,737,6,16,311
9S9IUP2PXL,mutation,0.3858995257770651,0.09508460918614026,11,0.0,11,24,360,6,11,213
KY7P523DP0,mutation,0.38913276580174494,0.1222132688691916,14,0.0,14,28,543,6,14,262
JWIYH26XLY,crossover,0.35627571057848073,0.17499328498522704,10,0.0,10,25,391,5,10,195
WWZ4C0BV8B,mutation,0.4536657597367073,0.09927477840451249,7,0.0,7,17,928,7,7,78
M2G55FRI9P,crossover,0.3782147317471093,0.20290088638195003,6,0.0,6,16,908,6,6,54
Y5WMAKFJXE,crossover,0.41499855839224564,0.009481600859521877,26,1.0,26,9,995,,26,769
B7CJRTW9NP,crossover,0.40949202847926747,0.04337899543378998,22,0.0,22,6,874,,22,874
R36MDE00N3,mutation,0.39537357067424783,0.09868385710448568,15,0.0,15,21,522,6,15,346
MOD4ZBUFAD,mutation,0.3543101356545827,0.18772495299489655,10,0.0,10,26,490,5,10,191
CJHF7B7IQ6,crossover,0.39341596680064894,0.12925060435132957,25,1.0,25,19,998,5,25,452
JWTI4B5DV4,crossover,0.3710518556512311,0.16384636046199308,22,0.0,23,18,521,,22,439
LJ0O4B27XQ,crossover,0.4509851152338331,0.03325275315605691,22,1.0,22,11,1332,8,22,686
3A4NQIAOHC,crossover,0.39200545653046204,0.032930432446951374,20,1.0,20,9,1281,,20,740
HNWK5E66ZN,crossover,0.45498064549450346,0.09699167338168146,7,0.0,7,17,922,7,7,78
7H3IUFF4TC,mutation,0.3782147317471093,0.20290088638195003,6,0.0,6,16,799,6,6,54
QHS8DS9T6V,crossover,0.45408617860640743,0.09927477840451249,7,0.0,7,17,919,7,7,78
JEJXJLE6V8,mutation,0.3782147317471093,0.20290088638195003,6,0.0,6,16,917,6,6,54
08REUP7Q6U,crossover,0.4012792543588968,0.001584743486435669,19,1.0,19,9,1292,,19,716
P87SRH04AF,crossover,0.4201061011309032,0.07391888262154178,18,0.0,18,8,1129,7,18,748
46WSAGBF0E,crossover,0.40012806029283254,0.16207359656191245,15,0.0,15,18,713,6,15,389
16YZFW9IPJ,crossover,0.3648675448335261,0.194225087295192,13,0.0,13,18,638,,13,351
1ULV4RCTKS,mutation,0.3885584029827117,0.11044856298683864,15,0.0,15,30,623,6,15,265
SYAACQWOH4,crossover,0.35810627663005545,0.16911093204405053,10,0.0,10,25,398,5,10,194
B5DBC9RAW7,crossover,0.39500672166419215,0.15216223475691648,25,1.0,25,24,930,5,25,379
TJH39LKFY7,mutation,0.3810474487609973,0.11976900349180764,23,0.0,23,13,589,,23,571
Y1U7HLUI5L,crossover,0.3885836780420209,0.10193392425463343,15,0.0,15,25,740,6,15,312
Z08I2RJ0JL,crossover,0.3853964297456367,0.12318023099650816,12,0.0,12,25,370,6,12,242
XY95UUCGPD,crossover,0.45498064549450346,0.09699167338168146,7,0.0,7,16,977,7,7,80
Q6M5EXQUMW,crossover,0.38040931458771554,0.2038678485092667,7,0.0,7,15,946,6,7,87
KYABMEZ1NX,mutation,0.38040931458771554,0.2038678485092667,7,0.0,7,17,887,6,7,85
4OEYHFW9WU,crossover,0.4122407228670215,0.1886650550631211,5,0.0,5,17,860,6,5,32
GHGLC6IZ7N,crossover,0.3927611989524187,0.11404781090518396,15,0.0,15,28,601,6,15,279
NLS3BZRSUQ,crossover,0.3551244030824059,0.1880741337630943,9,0.0,9,25,333,5,9,157
Z4AYU28Z3S,crossover,0.38485426595961103,0.10781627719580988,14,0.0,14,25,733,6,14,292
UDGKYMUBWA,crossover,0.39330497030188005,0.0709374160623153,13,0.0,13,25,377,6,13,269
Z6OW0XD3XN,mutation,0.39295028156670153,0.1367982809562181,25,1.0,25,24,777,5,25,378
WTJYENKOMF,crossover,0.3749637947611245,0.07990867579908678,23,0.0,23,13,742,,23,578
MLAAK1LM9T,mutation,0.5634835322308007,0.010045662100456598,11,1.0,11,14,1138,8,11,270
NUMZZBWES1,crossover,0.4942096147499697,0.10427074939564868,10,0.0,10,16,1066,7,10,208
TPQY5LXQN1,mutation,0.4605483932458153,0.14958366908407197,14,0.0,14,30,507,7,14,255
SE4PLUY918,crossover,0.35712852477107326,0.16322857910287408,10,0.0,10,23,427,5,10,201
7FCCM183DH,mutation,0.4144308712702055,0.11544453397797472,17,1.0,17,27,814,7,17,340
KZHNM10SK1,crossover,0.39010752810883453,0.08823529411764708,15,0.0,15,26,488,6,15,299
R19QPBXXCJ,crossover,0.38386273245158464,0.12089712597367713,14,0.0,14,30,677,6,14,251
4US1H7X3IH,crossover,0.3980266173879726,0.0663712060166532,13,0.0,13,20,433,6,13,301
Z61UQTDXZW,mutation,0.39065980057979144,0.11633091592801509,15,0.0,15,29,795,6,15,275
9D55MP8HOG,crossover,0.363716304617002,0.16814396991673386,10,0.0,10,22,415,5,10,207
Y81DR4O4IV,crossover,0.42023936412217666,0.11351060972334137,15,1.0,15,28,835,7,15,295
TPJ5BWDXEN,mutation,0.39537357067424783,0.09868385710448568,15,0.0,15,21,338,6,15,338
LRS0WQWEV8,crossover,0.4345237984576419,0.059602471125436485,22,1.0,22,11,1200,7,22,677
CNTM7S83CI,crossover,0.3841602041230202,0.05347837765243091,14,0.0,14,7,1192,,14,658
1RMT6Y6TW9,crossover,0.40038757661028057,0.12240128928283639,20,1.0,20,17,977,,20,487
W5NXRQ49E1,crossover,0.47664067738098337,0.06371206016653236,16,0.0,16,14,963,8,16,467
503FIJOX2P,mutation,0.4657608069735101,0.17539618587160893,10,1.0,10,17,1170,7,10,202
9MGJMQPTI7,mutation,0.47205645124249007,0.08495836690840719,9,0.0,9,17,808,7,9,158
G6LTULRGZB,mutation,0.39714890570446515,0.1496911093204405,10,0.0,10,26,571,6,10,173
2QC7BE22HN,mutation,0.3529916958238425,0.1511146924523234,11,0.0,11,25,450,5,11,229
37D9F3FLI2,crossover,0.45222303086712523,0.05546602202524842,23,1.0,24,13,1311,8,23,612
FCQ70MZAUM,mutation,0.40693658512884434,0.004217029277464479,18,1.0,18,7,1302,,18,800
2OL80U241Y,crossover,0.5660145836834893,0.021810367982809553,10,1.0,10,16,1051,8,10,214
H3MGRYYLF5,crossover,0.4895735639768346,0.1111200644641418,10,0.0,10,15,895,7,10,218
2M2GAPL3LP,crossover,0.4554000525243016,0.09699167338168146,7,0.0,7,16,955,7,7,80
GFVJ1EECOX,mutation,0.3782147317471093,0.20290088638195003,6,0.0,6,15,939,6,6,54
EBGDEDINAC,crossover,0.4148589430597681,0.1040290088638195,15,1.0,15,28,772,7,15,294
AIYLXCL8OK,mutation,0.39484435706805376,0.09868385710448568,15,0.0,15,21,470,6,15,346
KQTH4HY0G3,crossover,0.3782147317471093,0.20290088638195003,6,0.0,6,17,885,6,6,54
HIYHZM1KNE,crossover,0.4122407228670215,0.1886650550631211,5,0.0,5,17,862,6,5,32
D52OJWNEAE,crossover,0.3782147317471093,0.20290088638195003,6,0.0,6,18,867,6,6,54
PH2L8473EM,crossover,0.4122407228670215,0.1886650550631211,5,0.0,5,17,848,6,5,32
FPGO463HV9,crossover,0.4527734420854225,0.041418211120064496,24,1.0,24,12,1304,8,24,652
8WGAPAIC1P,crossover,0.3998741742672547,0.08912167606768734,15,1.0,15,6,1162,,15,698
QP8APQGZ1P,crossover,0.40747100996926267,0.06269137792103141,20,1.0,20,13,1184,,20,578
5KG4WHOUBK,mutation,0.4147872616436127,0.054069298952457656,8,0.0,8,7,1061,6,8,145
F3PX8HK68R,crossover,0.3782147317471093,0.20290088638195003,6,0.0,6,18,861,6,6,54
ANAZMTQIHM,crossover,0.4122407228670215,0.1886650550631211,5,0.0,5,17,854,6,5,32
R1UJLDD2EI,crossover,0.3761322513097176,0.14163309159280152,18,0.0,18,15,814,,18,502
9JVDU9RKJ1,crossover,0.3991645990051341,0.11668009669621271,11,0.0,11,15,813,6,11,275
0NSG407PU2,crossover,0.44594156548970776,0.04826752618855762,21,1.0,21,11,1240,8,21,678
PFAF61IP6K,mutation,0.4089146898531283,0.0016653236637120816,18,1.0,18,7,1226,,18,800
XKJBRDVSZ4,crossover,0.4548672381783466,0.06398066075745362,18,1.0,18,15,967,8,18,527
TRMJ9W4N2E,crossover,0.3688565797260186,0.10273972602739723,15,0.0,15,14,826,,15,479
0IZ63P84CT,crossover,0.4350022585016209,0.09656191243620732,16,1.0,16,30,859,7,16,299
3KPMUMP0LH,crossover,0.39484435706805376,0.10588235294117648,16,0.0,16,23,443,6,16,346
OK40YJCJ75,crossover,0.45914853162423175,0.05941445071179152,21,1.0,21,15,1254,8,21,543
OC0U9PZQB4,crossover,0.4776751898031004,0.04281493419285526,16,1.0,16,15,1248,8,16,470
ZASCPFY1H1,crossover,0.4993293088869718,0.03929626645178619,14,1.0,14,16,940,8,14,382
I6GFPMR00H,crossover,0.36708560988015915,0.12170292774644109,14,0.0,14,15,925,,14,432
Q48LNZL53R,crossover,0.37290443152916375,0.13478377652430834,15,0.0,15,16,817,,15,439
H4X2GBKL33,mutation,0.3733287973864655,0.14426537738383022,14,0.0,14,15,786,5,14,431
D4JAHIMOML,crossover,0.3951910309154395,0.14759602471125444,25,1.0,25,25,903,,25,358
YYK4QNB09E,mutation,0.42004899779431515,0.12976094547408001,22,0.0,23,12,616,6,22,604
2WX4URSA1K,mutation,0.4371064311038655,0.05801772763900076,22,1.0,22,9,841,8,22,781
QAJ9K0D4I6,crossover,0.40321640984412455,0.04926134837496643,17,1.0,17,9,1228,,17,671
FU39X82LW5,crossover,0.40540673436662644,0.03099650819231803,22,1.0,22,11,1056,,22,665
8T8RJUTTBR,crossover,0.3873644441700731,0.06849315068493156,19,0.0,19,9,912,,19,719
RD4D1D1AN4,crossover,0.4142876219881726,0.10271286596830514,16,1.0,16,28,726,7,16,312
KFMLNS9I63,mutation,0.3976233342215266,0.0676873489121676,13,0.0,13,23,429,6,13,285
L2D8SVJ2MA,crossover,0.48339135400965794,0.13430029546065003,11,1.0,11,17,1093,7,11,246
0847XZV0H2,crossover,0.4683083188531373,0.10682245500940102,11,0.0,11,16,1016,7,11,260
3QKWLBGD6S,crossover,0.3782147317471093,0.20290088638195003,6,0.0,6,18,848,6,6,54
0AWZ51JE40,crossover,0.4122407228670215,0.1886650550631211,5,0.0,5,18,843,6,5,32
ZVTYE590WJ,crossover,0.4258643404530553,0.1491539081385979,8,1.0,8,17,964,7,8,114
6A9GEEZ9Q6,crossover,0.4536657597367073,0.09927477840451249,7,0.0,7,17,917,7,7,78
CDEQJ4V2CL,mutation,0.4321744799107997,0.13378995433789953,15,1.0,15,17,1089,7,15,392
NSFYK0YVRN,crossover,0.47067620431516066,0.08724147193123827,9,0.0,9,16,1020,7,9,161
8PHKIHVWNJ,crossover,0.3864570061532109,0.11273166800966966,15,0.0,15,30,565,6,15,265
IG2I9LRJXF,crossover,0.3552921740394168,0.16911093204405053,10,0.0,10,23,400,5,10,201
8LI10QHDBZ,mutation,0.3949939498362659,0.1587429492344884,21,1.0,21,11,1149,6,21,641
GTOLB5UM8D,mutation,0.40076877226880325,0.07832393231265111,14,0.0,14,6,1114,,14,712
I68M7POKNX,mutation,0.39127241242551736,0.1258125167875369,14,0.0,14,27,503,6,14,269
01WX6GZKM9,mutation,0.34181779505490006,0.17921031426269135,7,0.0,7,26,449,5,7,82
DXGCSGR5NE,mutation,0.4121656050601926,0.13634165995165187,14,1.0,14,26,604,7,14,286
5ERGIAGL8S,crossover,0.39330497030188005,0.0709374160623153,13,0.0,13,25,551,6,13,269
QJ512AXUG0,crossover,0.3963748686580667,0.11361804995970992,15,1.0,15,13,1004,,15,474
DRM3K7JXON,crossover,0.4923209772804258,0.07845823260811172,14,0.0,14,12,959,8,14,405
E2TIDH5U6C,crossover,0.3896859648701252,0.14697824335213544,18,1.0,18,11,1128,6,18,597
JVDEWRLI20,crossover,0.3952822939071745,0.0547945205479452,16,0.0,16,9,1117,,16,659
54S29UQZ47,crossover,0.38277442183491606,0.1254633360193393,14,0.0,14,31,660,6,14,248
7DO5JQ0INO,crossover,0.36322900125768964,0.1569970453934999,11,0.0,11,22,292,5,11,249
8F708D5WU3,crossover,0.3834740853283827,0.11404781090518396,12,0.0,12,30,483,6,12,209
IDDZ5AZBFY,mutation,0.371325706738279,0.13381681439699172,16,0.0,16,23,451,5,16,346
UV20CZXSM1,crossover,0.4258643404530553,0.13282299221058286,8,1.0,8,17,958,7,8,113
H7ZAFDXSAC,mutation,0.4554000525243016,0.09699167338168146,7,0.0,7,17,941,7,7,78
5EP23GI0TR,crossover,0.39330497030187994,0.03977974751544455,23,1.0,23,10,1308,,23,721
UCWD2G9O6F,mutation,0.44651165638230095,0.02605425731936606,16,1.0,16,8,1158,8,16,652
MTXE0N3TTR,crossover,0.42465435879577373,0.13510609723341388,8,1.0,8,17,961,7,8,114
ZT4XUTUOBL,crossover,0.45498064549450346,0.09699167338168146,7,0.0,7,17,920,7,7,78
YW4DEC8Z1E,mutation,0.3880062231496404,0.1295997851195273,20,1.0,20,28,730,5,20,314
AABYMYWSEV,mutation,0.3770335094708964,0.135750738651625,16,0.0,16,17,682,,16,437
CG3TDTB0FO,crossover,0.4070948140557342,0.10580177276390013,21,1.0,21,14,1150,,21,551
OFLLMJYGG4,crossover,0.40641007986271316,0.1035992479183454,14,0.0,14,6,1113,6,14,646
OEUZK0TIS6,crossover,0.5157642297674299,0.0527262959978512,12,1.0,12,17,1129,8,12,295
HHOHPPXS71,crossover,0.5675944411889342,0.005479452054794498,11,1.0,11,17,1120,8,11,252
IZI01JQERN,mutation,0.4513471428925653,0.1625839376846629,14,1.0,14,17,952,7,14,361
OFRSO9DDM4,mutation,0.4536657597367073,0.09927477840451249,7,0.0,7,17,947,7,7,78
B5ODAZLQFW,mutation,0.46772732558457064,0.05159817351598173,19,1.0,19,16,1067,8,19,511
Q2JPDHO9ZL,crossover,0.3816451819291471,0.12793446145581527,17,0.0,17,15,873,,17,495
WCUUV870H5,crossover,0.4214000472400604,0.11939296266451782,15,1.0,15,28,626,7,15,295
Z63IKP7IJ9,mutation,0.38648219464138434,0.10421702927746446,15,0.0,15,24,598,6,15,315
UPXSTUCDPD,crossover,0.3782147317471093,0.20290088638195003,6,0.0,6,18,841,6,6,54
E3S1C468WB,crossover,0.4122407228670215,0.1886650550631211,5,0.0,5,18,837,6,5,32
DJXZM2VI1B,mutation,0.3954374726108666,0.12352941176470589,16,0.0,16,29,622,6,16,284
MNV58GW2OI,mutation,0.3544674349994752,0.1808756379264035,9,0.0,9,24,272,5,9,157
UG12J9JH0C,crossover,0.3782147317471093,0.20290088638195003,6,0.0,6,18,843,6,6,54
L3VTSR1JWE,mutation,0.4122407228670215,0.1886650550631211,5,0.0,5,18,703,6,5,32
6XYPKYYU1B,mutation,0.39278664895172544,0.11993016384636046,15,0.0,15,27,575,6,15,287
WJLIMK1AHT,crossover,0.3618990528200524,0.1740263228579103,10,0.0,10,22,377,5,10,207
6BZXF8HKU8,mutation,0.4176765651006984,0.14872414719312382,16,0.0,16,13,803,6,16,516
C3UR0ZT0Z6,crossover,0.3657040661608204,0.16059629331184533,12,0.0,12,14,769,,12,360
2S3FPBTPV1,crossover,0.40288726009146825,0.06787536932581256,20,1.0,20,12,1331,,20,613
N8RFTN1VGR,crossover,0.4214000472400604,0.06513564329841526,20,1.0,20,7,1204,8,20,873
RX4T5S6UYP,crossover,0.39869996897984505,0.10623153370937416,18,0.0,18,31,457,6,18,276
INNA5QVH3L,mutation,0.3719124304249041,0.13381681439699172,16,0.0,16,28,430,5,16,304
ISYXAEX23K,mutation,0.3928920960285218,0.14461455815202795,25,1.0,25,20,989,,25,441
KWKN552BKL,crossover,0.3764455076943133,0.17201181842600055,22,0.0,23,17,530,5,22,455
LTPOT4T503,mutation,0.4474138384712254,0.13220521085146386,14,1.0,14,21,898,7,14,327
EBTL4Q3531,crossover,0.451842300702446,0.08847703464947626,12,0.0,12,20,858,7,12,265
6YL46HJ4EL,crossover,0.4012792543588968,0.05057749127048078,22,1.0,22,10,1239,,22,714
H1ILOM0FVV,crossover,0.3969896254347903,0.14802578565672847,12,0.0,12,10,1006,6,12,398
9BH4ROCGNE,crossover,0.36854359189462915,0.1412839108246038,15,0.0,15,16,803,,15,432
DH2A1WJHNG,crossover,0.4111749481240563,0.08928283642224011,13,0.0,13,15,769,6,13,359
94HOQIJ33Q,crossover,0.40864583138566735,0.12914316411496102,17,1.0,17,27,671,7,17,340
DLRIW2ARGA,crossover,0.38538206162439115,0.10781627719580988,14,0.0,14,25,562,6,14,292
NDQAD50IR8,crossover,0.463122572691519,0.16363147998925598,10,1.0,10,18,1001,7,10,197
LQU6YPYU4R,mutation,0.5528061512092028,0.05280687617512758,8,0.0,8,17,971,7,8,114
XRV0RDAWSM,crossover,0.4636779952030786,0.15906526994359388,9,1.0,9,18,1017,7,9,153
ILAK69WFV9,crossover,0.4554000525243016,0.09699167338168146,7,0.0,7,17,933,7,7,78
QVUQ4MT53Q,crossover,0.3945853936040328,0.10870265914585014,25,1.0,26,22,765,5,25,404
R4ZUZO1ZLN,crossover,0.3749108152645819,0.13803384367445604,22,0.0,22,15,754,,22,517
ZYUFSBSKKJ,crossover,0.3962834405033052,0.14144507117915656,18,1.0,18,14,1265,6,18,523
TXY4MSGFEM,crossover,0.4016093643122066,0.04434595756110671,16,0.0,16,6,980,,16,831
TNGC9WANP9,crossover,0.37008204769692554,0.15962933118452866,20,0.0,21,26,551,,20,330
RNXM4PNIPP,crossover,0.37314563331436335,0.17139403706688155,18,0.0,21,22,295,5,18,295
8U3UI1JQOK,mutation,0.41118994564203115,0.13634165995165187,15,1.0,15,27,790,7,15,304
7IJPJ7UO5D,crossover,0.3885836780420209,0.10193392425463343,15,0.0,15,25,516,6,15,312
XBW1C38U5T,crossover,0.38765460359931514,0.07894171367177005,18,1.0,18,16,939,,18,481
TUYPJT7JFD,crossover,0.4824307212376151,0.08039215686274509,16,0.0,16,16,931,8,16,436
GMLAU7QGC2,crossover,0.5625287010473983,0.010045662100456598,10,1.0,10,17,1057,8,10,210
EFYSLNWUNL,crossover,0.47107675208019184,0.08724147193123827,9,0.0,9,17,1034,7,9,158
MN59QTQOCG,crossover,0.4070948140557342,0.03231265108783238,22,1.0,22,11,1323,,22,664
BLZJ1IWUVC,crossover,0.4259797098221587,0.07268331990330379,19,1.0,19,8,1221,8,19,781
IYG8TMLFBV,crossover,0.5625287010473983,0.010045662100456598,10,1.0,10,17,1074,8,10,210
AD7YXROQZN,mutation,0.4952451448537494,0.1019876443728176,10,0.0,10,17,1026,7,10,202
C3E4B49I7S,crossover,0.4174472430856715,0.109911361804996,15,1.0,15,28,844,7,15,293
72XJXD99WV,crossover,0.38648219464138434,0.10421702927746446,15,0.0,15,24,380,6,15,315
W8Q8QZ5MPC,crossover,0.46932866774687276,0.16038141283910826,10,1.0,10,18,1042,7,10,197
UOU0X9C9VK,crossover,0.5548075598970348,0.05052377115229653,8,0.0,8,17,930,7,8,114
K2T8Y7VI7P,crossover,0.4686032081997762,0.049315068493150704,18,1.0,18,16,967,8,18,502
CKY0N4NW64,mutation,0.374926708642053,0.149798549556809,16,0.0,16,16,916,,16,453
2RRMMPBCB4,crossover,0.38596423945807334,0.11861402095084611,14,0.0,14,30,645,6,14,251
ECNQFLJTZY,crossover,0.353893135905175,0.15734622616169763,10,0.0,10,23,289,5,10,200
QWPKTEWVKK,crossover,0.37451890646068886,0.1655116841257051,20,0.0,21,27,462,,20,321
2K72H4TA6T,crossover,0.3676003213273227,0.13969916733816817,20,0.0,20,23,396,5,20,359
PD5EXVSMU3,crossover,0.4530195924614724,0.036852001074402396,22,1.0,22,11,1315,8,22,686
2QZ4XPFQ23,crossover,0.4059899549735121,0.0016653236637120816,18,1.0,18,8,1220,,18,755
50N9UL1VV4,crossover,0.40846666029577683,0.05092667203867851,23,1.0,23,13,1204,,23,592
Y59QO473FL,crossover,0.3996406204033054,0.1516250335750739,12,0.0,12,7,1054,6,12,445
UHHWML95Q4,crossover,0.4251380458431926,0.109911361804996,16,1.0,16,26,860,7,16,332
GUGWIU6926,crossover,0.3869771783483328,0.09640075208165455,14,0.0,14,26,364,6,14,281
9HLCQSBS5U,crossover,0.38913276580174494,0.1222132688691916,14,0.0,14,29,537,6,14,258
HD4YM20M2S,crossover,0.3558540110315026,0.16094547408004295,10,0.0,10,24,397,5,10,194
FF0Y39QP3L,crossover,0.38795211468599633,0.1528605962933119,18,1.0,18,14,1188,6,18,522
BP4H40WHWL,crossover,0.405547843555379,0.04662906258393773,16,0.0,16,6,1057,,16,830
SN8X3XUX4C,mutation,0.435469391894009,0.08839645447219985,16,1.0,16,32,633,7,16,295
T4NNCNIR6N,mutation,0.38328074854820027,0.1100993822186409,14,0.0,14,24,591,6,14,294
H8566J0F42,mutation,0.5334388943800745,0.04525919957023905,12,1.0,12,27,1126,8,12,227
20NDID7AXT,crossover,0.5690263870797226,0.003196347031963448,11,1.0,11,17,1123,8,11,252
9CBIU0Z0WU,crossover,0.3782147317471093,0.20290088638195003,6,0.0,6,18,838,6,6,54
DQ88X75C7R,crossover,0.4122407228670215,0.1886650550631211,5,0.0,5,18,835,6,5,32
BQP6BXBX1O,crossover,0.5183745363372881,0.05044319097502012,12,1.0,12,17,1127,8,12,294
A1DIVVJGGX,mutation,0.5183745363372881,0.05044319097502012,12,1.0,12,17,1125,8,12,295
NP15S7KFJ4,crossover,0.3727741859348086,0.132849852269675,18,0.0,18,24,584,,18,344
1JHB08GAVW,crossover,0.38111343869148384,0.17236099919419828,17,0.0,17,17,577,5,17,440
7JXQQWIOPR,mutation,0.42079940350647704,0.13827558420628522,17,0.0,17,17,803,6,17,445
0285GWAD16,crossover,0.3551244030824058,0.1915928015041633,11,0.0,11,16,794,,11,290
JL0FXBKSX0,mutation,0.40978558518328656,0.07085683588503894,24,1.0,24,12,1306,,24,633
MW3OSI9PEX,crossover,0.43975022285858867,0.03843674456083801,17,1.0,17,6,1238,8,17,810
KTCZJDV4XG,mutation,0.3342140516649865,0.20854149879129735,6,0.0,6,18,836,5,6,54
PYG0YFWKXU,crossover,0.4122407228670215,0.1886650550631211,5,0.0,5,18,832,6,5,32
IJLT1BZ85M,crossover,0.43975022285858867,0.15275315605694328,12,1.0,12,13,1127,7,12,330
K3EDTTEQF3,crossover,0.4712938421558891,0.1127048079505775,10,0.0,10,11,941,7,10,238
1R6QMEMSG7,crossover,0.3782147317471093,0.20290088638195003,6,0.0,6,18,835,6,6,54
ULLK51CWNO,crossover,0.4122407228670215,0.1886650550631211,5,0.0,5,18,833,6,5,32
I4JWOSER7Y,crossover,0.39681757678423735,0.06919151222132691,24,1.0,24,10,1199,,24,726
NAW8N3L3OA,crossover,0.3959361397188418,0.06655922643029816,22,0.0,22,9,793,5,22,728
D2XD05XEEN,crossover,0.3975390455012757,0.1544453397797475,25,1.0,26,24,1019,5,25,378
3GTXAA2CW7,crossover,0.3797629382918539,0.133467633628794,22,0.0,22,13,500,,22,500
XDQ299QBSL,crossover,0.42790981683327856,0.10596293311845284,17,0.0,17,13,960,6,17,535
NGLUNS5HQM,crossover,0.41437809114222146,0.1418748321246307,14,0.0,14,13,867,6,14,439
HKWE6QQJ3U,crossover,0.43259259287012963,0.10762825678216492,17,1.0,17,13,1042,7,17,530
WGDSHAT6GT,crossover,0.4295096830834778,0.10367982809562176,17,0.0,17,13,880,6,17,533
0RL8N7OX3E,mutation,0.4094153912026174,0.08181573999462799,8,0.0,8,18,961,6,8,123
NWBLUCRNA8,crossover,0.38040931458771554,0.2038678485092667,7,0.0,7,17,909,6,7,85
BSGHY1Y7GT,crossover,0.5645849371760945,0.007762557077625548,10,1.0,10,17,1085,8,10,210
3J8NQKBYZP,crossover,0.49447157374063533,0.1019876443728176,10,0.0,10,17,1072,7,10,199
1TJZAR1T2C,mutation,0.4222477292732475,0.02221326886919156,26,1.0,26,6,1196,5,26,977
6XFZ7SWTD9,crossover,0.416924498958133,0.07770615095353212,24,0.0,24,5,1012,,24,1012
913ML23WPE,crossover,0.4041012060258574,0.002900886381949963,23,1.0,23,11,1190,,23,676
1W92A6PFNI,crossover,0.40485005110113637,0.12484555466022024,11,0.0,11,9,1055,6,11,347
RIXXNGE9F5,crossover,0.3886017322955264,0.11291968842331457,18,1.0,18,19,938,,18,430
1YYZTJA6LT,crossover,0.4627238458274381,0.08847703464947626,17,0.0,17,11,884,8,17,574
XMO21O276H,crossover,0.46276904739920655,0.13685200107440237,9,1.0,9,18,1026,7,9,152
0XMOT6VJTD,crossover,0.5548075598970348,0.05052377115229653,8,0.0,8,17,933,7,8,114
TIHIIHC42U,crossover,0.5260564556600897,0.006365834004834814,15,1.0,15,21,948,8,15,355
WGFNH9HY58,crossover,0.372747788097459,0.15866236905721193,14,0.0,14,20,759,,14,351
J0922UY6VC,mutation,0.39348876241736186,0.13644910018802048,24,1.0,24,19,1179,,24,452
GVBB3XOPY0,crossover,0.3825687893424642,0.09298952457695403,23,0.0,23,12,820,,23,618
0TUPU0ZDBO,crossover,0.44133459985581514,0.15143701316142893,14,1.0,14,14,1072,7,14,406
OLUHNB354V,crossover,0.3845528716573332,0.15259199570239051,9,0.0,9,10,1002,6,9,201
FCT4C2SML2,crossover,0.4063747481808785,0.1451248992747784,14,0.0,14,15,812,6,14,401
04NKSYC51F,mutation,0.42179127753062395,0.10824603814128386,13,0.0,13,12,811,6,13,409
0VUBFNQHPB,crossover,0.4226777730533854,0.08305130271286598,20,1.0,20,8,1109,7,20,782
F018TYPTZT,crossover,0.41913610787053124,0.09868385710448568,19,0.0,19,7,922,6,19,824
P5TIN5RKT7,crossover,0.4258643404530553,0.1491539081385979,8,1.0,8,18,1011,7,8,112
T2ANK67296,crossover,0.5531370383050377,0.05280687617512758,8,0.0,8,17,942,7,8,114
ZHOVYLKLRQ,crossover,0.43882495422299306,0.1445876980929358,12,1.0,12,14,1076,7,12,320
RDEAMED81X,crossover,0.4058896151242877,0.11668009669621271,11,0.0,11,10,998,6,11,336
Z0NPUEUJSI,crossover,0.46385708725243935,0.05616438356164383,20,1.0,20,15,1000,8,20,544
1WK6L2GWLX,mutation,0.38179158078057274,0.12696749932849855,14,0.0,14,12,943,,14,496
6K7H1CN6X3,crossover,0.5176508312504002,0.05044319097502012,12,1.0,12,17,1126,8,12,295
7DT4OS7C8N,mutation,0.4824179248453725,0.05457964007520816,17,1.0,17,17,1126,8,17,461
2LOXSSP0XJ,mutation,0.5628467463812981,0.0018802041364490985,10,1.0,10,18,1133,8,10,204
WCAVHGFR93,mutation,0.43760867842126894,0.09524576954069297,19,1.0,19,17,1067,7,19,478
MCLE2D683O,mutation,0.44459839155620284,0.031936610260542564,20,1.0,20,11,1287,8,20,667
RP38SEN2EG,crossover,0.4101597543693757,0.0032500671501477507,20,1.0,20,8,1265,,20,790
7KFM7HQFML,crossover,0.41859475766839904,0.1451248992747784,18,0.0,18,16,825,6,18,475
GNBQXJBN8S,mutation,0.3524340468160282,0.1850926672038678,10,0.0,10,14,712,,10,254
R77HPDTABO,crossover,0.46276904739920655,0.1531829170024174,9,1.0,9,18,999,7,9,152
C6J5XEDU0P,mutation,0.38040931458771554,0.2038678485092667,7,0.0,7,18,970,6,7,85
1VU3XAO7VF,crossover,0.36493532983806753,0.14337899543378996,8,1.0,8,18,978,6,8,118
ZRVGSVRQML,crossover,0.38040931458771554,0.2038678485092667,7,0.0,7,18,884,6,7,85
P27AXXPR0I,crossover,0.46276904739920655,0.1531829170024174,9,1.0,9,18,1049,7,9,152
CX2BJTFR4X,mutation,0.5657908116865503,0.12339511146924521,6,0.0,6,18,914,7,6,51
J6FYLZJ7MV,crossover,0.3782147317471093,0.20290088638195003,6,0.0,6,18,834,6,6,54
LQ24XGDZET,mutation,0.3847448140518438,0.1751544453397798,5,0.0,5,18,832,5,5,32
0DIGMDN0BC,mutation,0.5182049636180308,0.03771152296535055,13,1.0,13,21,1068,8,13,294
FZWJPJJ36K,crossover,0.5164896770215714,0.04456083803384367,12,1.0,12,19,1013,8,12,279
L2ZMK7UCGP,crossover,0.48336571395475025,0.04088100993822186,15,1.0,15,15,1179,8,15,435
D5RN02DA5N,crossover,0.47060739068876367,0.06142895514370128,14,1.0,14,10,1072,8,14,490
QISSMXP50D,mutation,0.4017643390433261,0.011066344345957657,18,1.0,18,11,1177,5,18,627
I6BOMVZPF9,crossover,0.39768197680984485,0.07929089443996779,17,0.0,17,9,1074,,17,688
LCDWWILZMW,mutation,0.3865379728313928,0.11880204136449107,17,0.0,17,13,829,5,17,544
C6E1IDUX38,crossover,0.37372524912641325,0.17955949503088908,12,0.0,12,15,827,,12,353
19NK2HGCSA,crossover,0.4012792543588968,0.026081117378458307,19,1.0,19,10,1180,,19,682
03FQGB030Z,crossover,0.3925649062267659,0.06524308353478381,16,0.0,16,10,1071,5,16,624
E3I0LFC1VH,crossover,0.4095817628092028,0.08490464679022297,23,1.0,23,14,1236,,23,564
9PAR86AXDB,crossover,0.42239104162463115,0.07883427343540156,15,1.0,15,6,1205,7,15,663
YZPSX15PKK,mutation,0.40245668076024155,0.04241203330647325,19,1.0,19,11,1167,,19,641
4V80R757CC,crossover,0.38464255691324023,0.13451517593338708,12,0.0,12,9,1080,5,12,444
FB2JWX37QG,crossover,0.4712938421558891,0.13720118184260002,9,1.0,9,19,952,7,9,152
KQZNYEPTT1,crossover,0.40825396508807854,0.08409884501745901,8,0.0,8,18,893,6,8,123
52P48B0A9G,crossover,0.37309632905389023,0.14619930163846367,17,0.0,17,16,883,,17,471
I320ZN87SC,crossover,0.45870990546385104,0.06889605157131345,12,0.0,12,14,851,7,12,325
PAZU2EFMZ1,crossover,0.40198764704673107,0.054176739188826206,18,1.0,18,13,1246,5,18,553
YTEMVVJ88U,mutation,0.3707395301137233,0.12565135643298414,11,0.0,11,7,1001,,11,399
R1Q1EYIYUU,crossover,0.3782147317471093,0.20290088638195003,6,0.0,6,18,877,6,6,54
RIWFC7OMK2,crossover,0.3782147317471093,0.20290088638195003,6,0.0,6,18,873,6,6,54
P40JUL7LBS,mutation,0.5748543167386487,0.014101531023368252,9,1.0,9,20,986,8,9,155
IVTB19LWSC,crossover,0.4669605557754115,0.08592532903572386,9,0.0,9,18,941,7,9,155
DC3OZVZ6CE,mutation,0.4673334410566007,0.049315068493150704,17,1.0,17,15,1137,8,17,496
HMFHFNU3IO,crossover,0.37713983407622254,0.13838302444265377,14,1.0,14,14,1056,,14,420
CAOWDFWE2R,mutation,0.38192194064158735,0.14654848240666124,14,1.0,14,15,1022,5,14,410
FMGR5ZMPO9,crossover,0.37204249728124916,0.15374697824335215,12,0.0,12,13,994,,12,377
3NHG7NP1MA,crossover,0.34110372948239154,0.1929089443996777,6,0.0,6,18,835,5,6,54
Q84ULGRJKB,crossover,0.3847448140518438,0.1751544453397798,5,0.0,5,18,833,5,5,32
I7E51OZ74L,crossover,0.37006101959062043,0.1426000537201182,16,0.0,16,16,828,5,16,459
H59AOQUFWY,crossover,0.36322900125768964,0.1569970453934999,12,0.0,12,14,824,,12,360
LFFFB4G13Y,crossover,0.4702509541567038,0.1744292237442922,10,1.0,10,19,934,7,10,196
SCC1C72IC2,crossover,0.40825396508807854,0.08409884501745901,8,0.0,8,18,915,6,8,123
5HS8KOSHO4,crossover,0.45222303086712523,0.063631479989256,21,1.0,21,11,1225,8,21,672
8BFA0DS78K,mutation,0.400104138909086,0.05057749127048078,20,1.0,20,10,1203,,20,690
MUKXAVN3SS,crossover,0.42829198625101383,0.12825678216492076,8,1.0,8,19,923,7,8,111
FQK4DRO3GJ,crossover,0.38040931458771554,0.2038678485092667,7,0.0,7,19,899,6,7,83
TS523YTFAA,crossover,0.33234648572906267,0.2131077088369594,6,0.0,6,18,834,5,6,54
UVY3XQKXS9,crossover,0.38684934428937034,0.17287134031694867,5,0.0,5,18,834,5,5,32
RXB2I88VWI,crossover,0.4017698745976671,0.0633091592801504,17,1.0,17,13,1229,,17,540
9LOGM984DD,crossover,0.4050058699148814,0.06559226430298143,17,0.0,17,7,1018,5,17,801
TDAICAR0I7,crossover,0.46534359551357296,0.17539618587160893,10,1.0,10,19,935,7,10,196
KT4GVZ2T4H,crossover,0.38040931458771554,0.2038678485092667,7,0.0,7,18,912,6,7,85
56RU3UTPRN,crossover,0.4046868560877144,0.0273972602739726,20,1.0,20,11,1129,,20,654
F8OYAZ1AM3,crossover,0.3938182718599085,0.06884233145312918,15,0.0,15,9,1120,5,15,622
ESACG38BW1,mutation,0.34303315169338155,0.18834273435401555,6,0.0,6,18,897,5,6,54
JQAIKZ8PY1,crossover,0.38684934428937034,0.17287134031694867,5,0.0,5,18,834,5,5,32
EW7OH4DAMC,mutation,0.4459614888408896,0.1756647864625302,10,1.0,10,15,954,7,10,213
2H5FEORG5T,crossover,0.41596356984474103,0.043620735965619106,8,0.0,8,13,952,6,8,133
38STVM87M6,crossover,0.3782147317471093,0.20290088638195003,6,0.0,6,18,885,6,6,54
9O3PIS4J8D,crossover,0.3782147317471093,0.20290088638195003,6,0.0,6,18,863,6,6,54
V5BN9MYDL5,crossover,0.4116963360737502,0.03494493687886113,26,1.0,26,9,1164,,26,770
J8WKXGI680,crossover,0.4075269010215995,0.048294386247649757,26,0.0,26,5,1071,,26,1057
AQ2MPAKIN4,crossover,0.4442129539553463,0.0818963201719044,17,0.0,17,15,890,7,17,495
U2LC37YG4S,crossover,0.36661139910346274,0.16779478914853613,12,0.0,12,15,844,,12,351
FRY2XNXCAA,crossover,0.39659252338662454,0.017915659414450724,18,1.0,18,11,1175,5,18,625
XPRC83BFYK,mutation,0.3990617250379399,0.08192318023099654,17,0.0,17,9,668,,17,668
56ERY8O3XG,crossover,0.4099614151478985,0.04995970991136178,27,1.0,27,9,1164,,27,779
2Q2UKX2TRN,crossover,0.40198764704673107,0.046011281224818734,25,0.0,25,5,1071,,25,1049
DTRNC5JSWL,crossover,0.4258643404530553,0.1491539081385979,8,1.0,8,19,939,7,8,112
BBX9TBCOQU,crossover,0.38040931458771554,0.2038678485092667,7,0.0,7,19,881,6,7,83
RKIRLTHB4N,crossover,0.42707687751836365,0.14687080311576683,8,1.0,8,19,945,7,8,111
6JQWVNQY1J,crossover,0.38040931458771554,0.2038678485092667,7,0.0,7,19,875,6,7,83
2M63KWGSPK,crossover,0.3925467341828758,0.17681976900349178,7,1.0,7,19,904,6,7,81
AGOQCBSG4B,crossover,0.3782147317471093,0.20290088638195003,6,0.0,6,18,869,6,6,54
G90H3L3H8W,crossover,0.3896208566038307,0.1489927477840452,13,1.0,13,16,1076,6,13,349
YJUIX4RGUH,crossover,0.4055738410069495,0.11343002954606496,11,0.0,11,13,1013,6,11,298
RRES33CO2F,crossover,0.42707687751836365,0.13053988718775178,8,1.0,8,19,944,7,8,112
KLD3A50OLH,mutation,0.3782147317471093,0.20290088638195003,6,0.0,6,19,876,6,6,53
TH0E9WO99M,crossover,0.42707687751836365,0.13053988718775178,8,1.0,8,19,939,7,8,112
RZF9YNLA3R,crossover,0.38040931458771554,0.2038678485092667,7,0.0,7,19,881,6,7,83
YSIVOXX1V3,crossover,0.4049205355107014,0.09500402900886379,20,1.0,20,14,1148,5,20,545
L6B9G54U8V,crossover,0.4004428073406874,0.03977974751544455,15,0.0,15,6,1101,,15,782
TSMOZRVZME,mutation,0.3383218993603271,0.15570776255707763,7,1.0,7,19,907,4,7,82
22CB2Z5SRO,crossover,0.3782147317471093,0.20290088638195003,6,0.0,6,18,866,6,6,54
P7YG9M4SU5,crossover,0.39838613373413445,0.021165726564598364,22,1.0,22,11,1158,5,22,670
5HNM1QOLJO,crossover,0.376204799523871,0.11098576416868117,12,0.0,12,9,1091,,12,443
Q6BQNGK0EM,crossover,0.37159265079223835,0.12495299489658879,16,0.0,16,15,828,5,16,476
AA42PXBCLW,crossover,0.36663754118294567,0.16156325543916195,13,0.0,13,15,826,,13,392
C5WB49II3S,crossover,0.575163401245707,0.014101531023368252,9,1.0,9,20,974,8,9,155
ZRMRJ78ZCX,crossover,0.4258643404530553,0.13282299221058286,8,1.0,8,19,951,7,8,112
LLSAEX5YTK,crossover,0.5458257110920399,0.1249798549556809,7,1.0,7,19,916,7,7,76
8SXOGHY7L5,crossover,0.38040931458771554,0.2038678485092667,7,0.0,7,19,904,6,7,83
MVYS113UGK,mutation,0.42465435879577373,0.15143701316142893,8,1.0,8,18,923,7,8,112
HYPM2ZPIA0,crossover,0.38040931458771554,0.2038678485092667,7,0.0,7,19,897,6,7,83
VBKF5A1MAZ,mutation,0.40516544098694496,0.08718775181305399,22,1.0,22,14,1250,,22,557
1GF5VFME3F,crossover,0.44796345384854774,0.0028740263228579366,16,1.0,16,8,1151,8,16,652
32JYB1WXC1,crossover,0.3564077627442346,0.16253021756647862,11,0.0,11,13,969,5,11,318
DL3FZPUHII,mutation,0.3560905401837665,0.16972871340316953,10,0.0,10,11,966,,10,273
YE95B30FAG,crossover,0.529330801009738,0.15009401020682248,7,1.0,7,19,930,7,7,76
SY8B2RL3TE,mutation,0.45408617860640743,0.09927477840451249,7,0.0,7,18,923,7,7,78
8Z8C84A04B,mutation,0.39375454059681425,0.1406661294654848,16,1.0,16,17,937,,16,437
4YCDOXG0KE,mutation,0.47715345524652264,0.07775987107171634,16,0.0,16,15,869,8,16,453
5FU1XOPBDS,mutation,0.4095013751690575,0.04732742412033303,17,1.0,17,9,1156,5,17,670
1FNQMJ8N3O,crossover,0.39072864336815416,0.06357775987107173,16,0.0,16,8,1120,,16,717
9QULT95NA8,crossover,0.43056324965303816,0.005264571582057509,27,1.0,27,7,1211,,27,902
IW7RGKOB2E,mutation,0.39012200755737825,0.045312919688423325,25,0.0,25,7,826,,25,826
XA9P08SBNZ,crossover,0.3913703424499818,0.024415793714746115,18,1.0,18,10,1200,,18,663
E3GL92NZRO,crossover,0.39038088571619034,0.04399677679290892,16,0.0,16,10,1049,5,16,624
BNXLV9VBVI,crossover,0.36592686066500246,0.1302175664786463,12,0.0,12,13,1020,,12,375
4FN5FIPXZ9,mutation,0.3433995422832653,0.20107440236368518,8,0.0,8,26,915,5,8,116
VZJ7UR28YN,mutation,0.4496476835693014,0.057749127048079496,22,1.0,22,13,1259,8,22,612
C6HCPBG8OX,crossover,0.3977919470547209,0.045662100456621,16,1.0,16,9,1142,,16,631
S22HJJ8BHH,crossover,0.35836772086191604,0.23741606231533707,7,1.0,7,19,875,5,7,82
64C3X69WWM,crossover,0.3641223866947425,0.21901692183722798,6,0.0,6,18,866,4,6,54
R9SUIZZMKR,mutation,0.4260277872367225,0.12825678216492076,8,1.0,8,21,947,7,8,107
8LZX75ETNF,mutation,0.3782147317471093,0.20290088638195003,6,0.0,6,19,873,6,6,53
XK2IOIU58H,mutation,0.42707687751836365,0.13053988718775178,8,1.0,8,19,933,7,8,112
U5FMEBN4AY,crossover,0.38040931458771554,0.2038678485092667,7,0.0,7,19,887,6,7,83
XBC6635IVK,mutation,0.3604078922561369,0.23284985226967503,7,1.0,7,19,871,5,7,82
25P7ZF3NUO,crossover,0.3641223866947425,0.21901692183722798,6,0.0,6,18,870,4,6,54
XSNJFFKUZE,crossover,0.6336223214763466,0.08203062046736502,8,1.0,8,19,955,8,8,118
QNJEXGFT6S,crossover,0.5481625292600483,0.05965619124362073,8,0.0,8,19,954,7,8,110
J9KIKQF0WM,crossover,0.3920217967849513,0.08447488584474883,17,1.0,17,16,911,,17,471
11FQGW4EWQ,mutation,0.4849663840349815,0.06897663174858987,15,0.0,15,16,911,8,15,401
EZK5G4NMPK,crossover,0.4258643404530553,0.13282299221058286,8,1.0,8,19,938,7,8,111
10KULR3QLS,mutation,0.38040931458771554,0.2038678485092667,7,0.0,7,19,841,6,7,83
8WYYPQ23OV,crossover,0.6336223214763466,0.08203062046736502,8,1.0,8,19,966,8,8,118
4AE6VVI5Q8,crossover,0.5484973477356239,0.05965619124362073,8,0.0,8,19,943,7,8,110
X3PF9TQZF8,mutation,0.45498064549450346,0.09699167338168146,7,0.0,7,18,878,7,7,78
6FBV0RZCJ5,crossover,0.5657908116865503,0.12339511146924521,6,0.0,6,18,917,7,6,51
CE22QSOBLY,crossover,0.40229413922190993,0.08587160891753959,19,1.0,19,14,1267,5,19,535
UPOURBUGX5,crossover,0.4043346556983711,0.017566478646253048,16,0.0,16,6,982,,16,824
CSBHKRAXIG,crossover,0.5097560782727302,0.06774106903035187,13,0.0,13,18,940,8,13,292
D1ID5MM5F9,mutation,0.49382129194017654,0.10427074939564868,10,0.0,10,16,925,7,10,205
AVLN5M8PXD,mutation,0.45450692149850214,0.06038141283910825,22,1.0,22,14,1306,8,22,579
L3ENBYXN28,mutation,0.40541044733729037,0.017915659414450724,17,1.0,17,8,1114,,17,720
0QRJBPIS3R,crossover,0.4022405840793519,0.047945205479452024,19,1.0,19,12,1203,5,19,600
NIQSGVBRGK,crossover,0.3934305252250837,0.04039752887456349,16,0.0,16,8,1046,,16,718
ABFHHS7D8T,mutation,0.5142438625405983,0.04684394305667475,12,1.0,12,19,1152,8,12,278
4A8N5DVBBR,crossover,0.5098191280989479,0.08178887993553585,12,0.0,12,17,945,8,12,259
DX86WPJ4YO,mutation,0.4767419270090577,0.09409078699973139,12,0.0,12,17,880,7,12,294
G99TCZYRA1,mutation,0.411272438820103,0.07724952994896589,8,0.0,8,17,865,6,8,124
YUYTX029G5,crossover,0.47540195535796503,0.09637389202256247,12,0.0,12,17,882,7,12,293
0FIM2XWVD6,mutation,0.38830931899658483,0.16207359656191245,9,0.0,9,17,790,6,9,165
IE2MFJ40MQ,crossover,0.3580168596251072,0.20045662100456618,10,0.0,10,16,967,,10,239
JFH02EUZXB,mutation,0.4124417102050668,0.07496642492613481,8,0.0,8,15,887,6,8,129
TFACQHNM5N,crossover,0.35467608674392503,0.1985226967499329,9,0.0,9,16,965,,9,181
Y1R700ZZYX,crossover,0.341737298239954,0.19844211657265648,8,0.0,8,15,889,5,8,134
CFQXM7N5LP,crossover,0.4836414112670847,0.03956486704270751,17,1.0,17,18,917,8,17,442
9TFFL2CKU7,crossover,0.373393974439997,0.10765511684125711,15,0.0,15,14,889,,15,477
760309EUZN,crossover,0.42707687751836365,0.14687080311576683,8,1.0,8,19,916,7,8,111
06OJT6ITA8,crossover,0.38040931458771554,0.2038678485092667,7,0.0,7,19,904,6,7,83
TEQC2S5EH4,crossover,0.4455790855896844,0.1308890679559495,14,1.0,14,18,878,7,14,348
B5EADM5UT6,crossover,0.40825396508807854,0.08409884501745901,8,0.0,8,18,873,6,8,123
8H2KWIST1H,crossover,0.42829198625101383,0.12825678216492076,8,1.0,8,19,921,7,8,111
17LYE3OM07,crossover,0.38040931458771554,0.2038678485092667,7,0.0,7,19,899,6,7,83
RACU8FETBO,crossover,0.41345897163257317,0.019930163846360427,26,1.0,26,9,1131,,26,770
LZISS7ADDE,mutation,0.4126145767347472,0.054176739188826206,24,0.0,24,5,1104,,24,1052
YXCCUU470R,crossover,0.4016093643122066,0.028015041633091542,19,1.0,19,12,1299,,19,600
CJ3FP7Q7QY,mutation,0.44285017206633404,0.04923448831587429,19,1.0,19,10,1102,8,19,705
1WXIUR5TVQ,crossover,0.4710141464993465,0.10225624496373892,11,0.0,11,16,991,7,11,255
SY4V8YJ5CQ,mutation,0.35467608674392503,0.1985226967499329,9,0.0,9,16,1033,,9,181
YAMTTFVMSG,crossover,0.3801243273662558,0.15471394037066888,18,0.0,18,16,828,,18,475
D1ZZAMNCX1,mutation,0.3541494563278835,0.1850926672038678,10,0.0,10,13,826,5,10,258
99O8J6L3M6,crossover,0.5161268174410598,0.04456083803384367,12,1.0,12,19,955,8,12,278
WSZXOTCE60,crossover,0.5094567022661434,0.08178887993553585,12,0.0,12,17,942,8,12,260
19A066K5LG,crossover,0.34110372948239154,0.1929089443996777,6,0.0,6,18,834,5,6,54
9FZL7PORU4,mutation,0.3847448140518438,0.1751544453397798,5,0.0,5,18,834,5,5,32
16JGCXIQ3W,crossover,0.4059379247879664,0.007816277195809906,21,1.0,21,8,1242,,21,799
WE3XVXUNDU,crossover,0.4013659136505372,0.045662100456621,20,0.0,20,7,1193,,20,859
2NJZ2Y7MXZ,crossover,0.3572229701227956,0.18869191512221328,10,0.0,10,16,971,5,10,239
X7HVPHNA1L,crossover,0.33986182579497715,0.1837765243083535,7,0.0,7,15,883,,7,89
OONU4TTI8G,crossover,0.4178452976295285,0.1575879666935267,13,1.0,13,18,894,7,13,318
AJPPBNM97D,crossover,0.4015798498661758,0.1764705882352941,10,0.0,10,18,857,6,10,208
AWAJZ47WGA,crossover,0.5748543167386487,0.014101531023368252,9,1.0,9,20,976,8,9,155
B6DSY4SPLY,crossover,0.5481625292600483,0.05965619124362073,8,0.0,8,19,964,7,8,110
42A1203FDK,crossover,0.5309235947451671,0.13147998925597634,7,1.0,7,19,936,7,7,76
VT3AZ3WXRV,crossover,0.38040931458771554,0.2038678485092667,7,0.0,7,19,884,6,7,83
EB5XSYFNJ8,crossover,0.47060739068876367,0.10225624496373892,11,0.0,11,16,988,7,11,260
LUYRL43WSD,crossover,0.35558330889341694,0.1972065538544185,9,0.0,9,16,986,,9,181
W77DJX9FRD,mutation,0.4651330480341933,0.05028203062046732,20,1.0,20,16,879,8,20,516
NPOHWRW4B9,mutation,0.3755256537587893,0.11810367982809561,20,0.0,20,14,858,,20,540
R3B1IEC4LW,crossover,0.37383277484863364,0.14883158742949237,15,0.0,15,16,829,5,15,433
NGYTY12TEQ,crossover,0.37086935448389036,0.1569970453934999,13,0.0,13,14,825,,13,413
KLLU2D7NZR,mutation,0.411272438820103,0.07724952994896589,8,0.0,8,17,882,6,8,124
ME1PJETFEW,crossover,0.411272438820103,0.07724952994896589,8,0.0,8,17,880,6,8,124
QG1YB4CTPK,mutation,0.4936991845564267,0.05299489658877249,15,1.0,15,17,859,8,15,403
PMO3DUTQFB,mutation,0.4587425351687001,0.09435938759065271,13,0.0,13,17,936,7,13,338
32T3TRSKJA,crossover,0.46685702281450014,0.053881278538812805,21,1.0,21,16,891,8,21,525
U98WXLKRI0,crossover,0.3803701210724528,0.14163309159280152,19,0.0,19,14,846,,19,527
C1CCU5VOHZ,crossover,0.34110372948239154,0.1929089443996777,6,0.0,6,18,834,5,6,54
S7IUKB2ZX6,crossover,0.3847448140518438,0.1751544453397798,5,0.0,5,18,834,5,5,32
4GRICP3TLR,crossover,0.434547223806211,0.13835616438356163,15,1.0,15,17,864,7,15,395
PM2IDJLLKY,crossover,0.3991645990051341,0.11668009669621271,11,0.0,11,17,849,6,11,256
7KVGJ91Y0I,crossover,0.4827784776870113,0.13658340048348105,11,1.0,11,16,978,7,11,251
5EKW51M33Q,crossover,0.3445504642157937,0.2092398603276927,8,0.0,8,16,978,,8,132
L69HYWFTCZ,crossover,0.3948261165772524,0.17225355895782968,7,1.0,7,19,886,6,7,81
BAZG0Y066X,crossover,0.3782147317471093,0.20290088638195003,6,0.0,6,18,884,6,6,54
FGPE23C57I,crossover,0.37948358467446697,0.13478377652430834,16,0.0,16,15,830,,16,475
4RD562A580,mutation,0.391317748441135,0.14802578565672847,12,0.0,12,15,824,6,12,318
6K25LD5O6H,crossover,0.5474863173429165,0.12269674993284987,7,1.0,7,19,927,7,7,76
58KNIW55T5,mutation,0.38040931458771554,0.2038678485092667,7,0.0,7,19,883,6,7,83
G7RWLBKG04,mutation,0.5055902405456278,0.04421165726564599,13,1.0,13,19,944,8,13,313
FQJVUK9FQF,crossover,0.5693415415006049,0.004969110932044052,11,1.0,11,18,891,8,11,245
PJDBALUB5Z,mutation,0.4258643404530553,0.1491539081385979,8,1.0,8,19,922,7,8,112
4U29OLIJMJ,mutation,0.45498064549450346,0.09699167338168146,7,0.0,7,19,888,7,7,76
3L6XLFTG75,mutation,0.5309235947451671,0.13147998925597634,7,1.0,7,19,934,7,7,76
3O97SEEWS7,crossover,0.38040931458771554,0.2038678485092667,7,0.0,7,19,876,6,7,83
LRGIIVROBE,mutation,0.44368688567252845,0.06521622347569161,25,1.0,25,9,1261,8,25,791
N5CPK95DKX,crossover,0.41130618936108754,0.05355895782970721,24,1.0,24,9,1034,,24,771
YNBJZZ0GMD,crossover,0.3342140516649865,0.20854149879129735,6,0.0,6,18,834,5,6,54
YLHWY22XUU,mutation,0.38684934428937034,0.17287134031694867,5,0.0,5,18,834,5,5,32
1M69VU71UL,mutation,0.453683944241123,0.0544990598979318,23,1.0,23,14,1301,8,23,582
MK934K2RL2,crossover,0.4047981205614539,0.07445608380338437,15,1.0,15,8,1090,,15,618
DYK9O8MU2L,crossover,0.3342140516649865,0.20854149879129735,6,0.0,6,18,834,5,6,54
Q8VK9DVD3V,mutation,0.4122407228670215,0.1886650550631211,5,0.0,5,18,834,6,5,32
2COY7CTC7R,crossover,0.37740749801715723,0.12433521353746979,13,1.0,13,17,995,,13,347
KRBOP02FXS,mutation,0.5007600265983956,0.06510878323932315,12,0.0,12,13,969,8,12,292
TG5CTE9SUA,crossover,0.400104138909086,0.09957023905452594,20,1.0,20,15,989,,20,529
7XUJSPGMTS,crossover,0.4514557977816607,0.027719580983078196,17,1.0,17,13,989,8,17,540
XVHR2N7AME,crossover,0.4407480743397971,0.06486704270749394,23,1.0,23,15,1208,7,23,551
A5OMGPHWEN,crossover,0.38908939882496185,0.10641955412301912,14,1.0,14,6,1129,,14,625
WO0D0QI9OE,crossover,0.42707687751836365,0.13053988718775178,8,1.0,8,19,914,7,8,111
P1D00QJ3BH,crossover,0.38040931458771554,0.2038678485092667,7,0.0,7,19,896,6,7,83
LMO0YDFQYY,crossover,0.3925467341828758,0.17681976900349178,7,1.0,7,19,896,6,7,81
SKVW3O4E2E,mutation,0.38040931458771554,0.2038678485092667,7,0.0,7,18,899,6,7,85
VA70SVMA10,crossover,0.42707687751836365,0.13053988718775178,8,1.0,8,19,923,7,8,112
B4G9V5H732,crossover,0.3782147317471093,0.20290088638195003,6,0.0,6,19,887,6,6,53
68GJUCOALR,crossover,0.4528662398773833,0.048616706956755296,19,1.0,19,12,1292,8,19,617
WYKUMXS3R9,crossover,0.39686332961346205,0.03977974751544455,19,1.0,19,10,1099,,19,680
HSBN8A34ZV,crossover,0.44907034030387694,0.13677142089712596,14,1.0,14,16,939,7,14,374
BBJ8ZX7AKI,mutation,0.47205645124249007,0.08495836690840719,9,0.0,9,16,942,7,9,161
L837FGLVTX,crossover,0.49695162743927457,0.04026322857910286,15,1.0,15,17,1051,8,15,404
QTY0CF997G,crossover,0.38291929976377737,0.12503357507386514,13,1.0,13,13,1024,,13,398
G28PLT6JZD,crossover,0.4258643404530553,0.1491539081385979,8,1.0,8,19,919,7,8,111
WH8VV0WK26,crossover,0.38040931458771554,0.2038678485092667,7,0.0,7,19,891,6,7,83
TJLPUPSRYE,mutation,0.4291615046458672,0.15337093741606228,14,1.0,14,16,712,7,14,373
EHI4WB5KJ5,crossover,0.3893948401377192,0.15979049153908143,9,0.0,9,15,881,6,9,177
YY682L4OT4,mutation,0.412268894519787,0.059441310770883715,21,1.0,21,13,1239,,21,587
YFVZ2PJJ1D,mutation,0.44426260874441603,0.042385173247381114,17,1.0,17,9,1166,8,17,675
Y9K7HFMD6X,crossover,0.4548672381783466,0.05581520279344615,23,1.0,25,14,1263,8,23,574
8RE5QNMPSF,crossover,0.4081196706537348,0.015632554391619702,17,1.0,17,7,1096,,17,763
W48GK0C3NR,crossover,0.5138804085896667,0.04684394305667475,12,1.0,12,19,920,8,12,278
8PL2JKOLBC,crossover,0.5146075886398667,0.04684394305667475,12,1.0,12,18,915,8,12,285
1H78N7D2NI,mutation,0.5628467463812981,0.010045662100456598,10,1.0,10,17,922,8,10,210
5Q0LDVOBFD,crossover,0.4952451448537494,0.1019876443728176,10,0.0,10,17,911,7,10,202
IB2GNJEN5Z,crossover,0.5704682463711376,0.007252215954875102,9,1.0,9,19,963,8,9,158
CCU9RPAP1U,crossover,0.47067620431516066,0.08724147193123827,9,0.0,9,17,955,7,9,158
RMKQD9CLWZ,crossover,0.5704682463711376,0.007252215954875102,9,1.0,9,19,967,8,9,158
QVS4FLTPSV,mutation,0.38512349285469627,0.1666398066075746,9,0.0,9,17,951,6,9,165
XV6ZRKNTVE,mutation,0.3999955846153279,0.038812785388127824,19,1.0,19,10,1238,,19,678
VDLG6J660C,crossover,0.3916061645695641,0.0639269406392694,15,0.0,15,8,1011,5,15,673
RVYM9SVTUI,crossover,0.3925467341828758,0.17681976900349178,7,1.0,7,19,889,6,7,81
IPF9F6BYCM,crossover,0.3782147317471093,0.20290088638195003,6,0.0,6,18,864,6,6,54
YYB8KX0K6N,crossover,0.45266855917925297,0.05546602202524842,22,1.0,22,11,1227,8,22,685
4JASVMSD6R,crossover,0.3995762711336267,0.11098576416868117,16,1.0,16,10,1155,,16,601
6SUEO7D46P,mutation,0.42895656555140604,0.13115766854687078,16,1.0,16,21,1044,7,16,385
YWRFFN89LQ,crossover,0.36585896967311127,0.1478646253021757,11,1.0,11,13,974,,11,295
76SMVZ3GTV,mutation,0.4684121344708694,0.15449905989793178,10,1.0,10,19,926,7,10,196
V8KCWDHVAM,mutation,0.4094153912026174,0.08181573999462799,8,0.0,8,18,869,6,8,123
4WSMLKPX5I,crossover,0.3633486248286316,0.18640881009938226,10,1.0,10,17,971,,10,212
5UA923S7UL,crossover,0.5628467463812981,0.026376578028471653,10,1.0,10,15,970,8,10,220
R077C4JQIF,crossover,0.38040931458771554,0.2038678485092667,7,0.0,7,18,857,6,7,85
T4P8XIX5NH,mutation,0.3782147317471093,0.20290088638195003,6,0.0,6,18,846,6,6,54
2IFFEAPC45,crossover,0.40985665907341984,0.05320977706150953,24,1.0,24,10,1267,,24,719
1OQ9DDIAUG,crossover,0.4077430627170314,0.05549288208434067,16,1.0,16,5,1122,,16,830
EYT06JRCMM,crossover,0.4258643404530553,0.1491539081385979,8,1.0,8,19,926,7,8,112
FEP8VURLQI,crossover,0.38040931458771554,0.2038678485092667,7,0.0,7,18,875,6,7,85
10V8IC0WNE,mutation,0.5273952357858687,0.07072253558957828,11,0.0,11,19,949,8,11,215
N2JUKNAMEC,crossover,0.5622108867672291,0.0018802041364490985,10,1.0,10,19,938,8,10,201
LJGDL5T784,mutation,0.37849529113307157,0.1210851463873221,13,1.0,13,15,637,5,13,376
5CWHPWE1KU,crossover,0.36206341439895284,0.1765780284716626,11,0.0,11,13,955,,11,319
8FSN4UQUYY,crossover,0.34938654875113784,0.21152296535052384,9,1.0,9,16,933,,9,167
B1HIXFTS6M,crossover,0.3420962558016819,0.1991404781090519,7,0.0,7,15,875,5,7,89
NT0BP38GZO,mutation,0.3939967550533199,0.14136449100188025,15,1.0,15,15,992,5,15,443
TPG1P6PH0P,mutation,0.3556860937794334,0.1909750201450443,10,0.0,10,13,941,,10,257
FYHMHFYMP0,crossover,0.40257307288745503,0.01334944936878868,22,1.0,22,11,1297,,22,667
AJLTVXC9XC,crossover,0.44859769021044393,0.036852001074402396,16,1.0,16,10,1085,8,16,595
5X2UXZ99RF,crossover,0.36548134988505276,0.18544184797206553,10,1.0,10,16,927,,10,216
RWGC0M6D2C,crossover,0.3862069765284798,0.16435670158474347,9,0.0,9,15,916,6,9,177
9KLBGY5CQ1,crossover,0.4258643404530553,0.13282299221058286,8,1.0,8,19,929,7,8,112
UFNS0ZBD3Q,mutation,0.38040931458771554,0.2038678485092667,7,0.0,7,18,872,6,7,85
JJ8Z2EQ0VI,mutation,0.5155887345363559,0.13798012355627182,7,1.0,7,24,922,7,7,68
XBBBKNHGME,crossover,0.38040931458771554,0.2038678485092667,7,0.0,7,18,879,6,7,85
SRV6JECNWI,mutation,0.41174512260661145,0.07313994090787007,22,1.0,22,13,1256,,22,592
XP2MHOGOW7,crossover,0.4553007434252968,0.04764974482943862,16,1.0,16,10,1126,8,16,591
PHPTGC0P9D,mutation,0.34659479570240714,0.24813322589309694,8,1.0,8,17,742,5,8,123
QNG0LGLONW,crossover,0.3554582760516748,0.19492344883158746,9,0.0,9,16,729,5,9,181
AEJJDKG3JM,crossover,0.39745843254119073,0.10510341122750472,17,1.0,17,15,1141,5,17,486
I6VPMOQ4EV,crossover,0.3529200442818572,0.17394574268063384,11,0.0,11,14,990,,11,308
55E69RXTCA,crossover,0.43382148868392567,0.16056943325275314,14,1.0,14,18,1086,7,14,348
P326NLO3QO,crossover,0.3790923451998085,0.17085683588503892,12,1.0,12,16,1022,6,12,310
OSZ2P70ZS9,crossover,0.39847054115177416,0.024764974482943902,19,1.0,19,11,1217,,19,641
AUOX0ZHCSD,mutation,0.44300076702780433,0.04335213537469784,19,1.0,19,10,1165,8,19,696
53PG1QYKJ3,crossover,0.40864583138566735,0.05286059629331191,21,1.0,21,12,1190,5,21,625
3DI9A4BT5N,crossover,0.39132137546825996,0.09430566747246849,14,0.0,14,8,1059,,14,628
4Y4XAVZRMG,mutation,0.40527308286103103,0.06005909213000271,22,1.0,22,12,1264,,22,628
SRTKIR1G6M,mutation,0.3812079770682705,0.11001880204136444,12,0.0,12,8,985,5,12,464
RH0PVW396Y,crossover,0.4313178241169513,0.12035992479183455,17,1.0,17,14,1117,7,17,504
XDIZYQAT0Q,mutation,0.395125330087579,0.14732742412033306,17,1.0,17,11,1109,6,17,573
YC9L59FT0Z,crossover,0.42129512801509916,0.0,27,1.0,27,7,1374,,27,903
YEXWM1LV1P,crossover,0.4210128943344056,0.0009669621273167284,24,1.0,24,6,1338,,24,965
BXNQWZMXUR,crossover,0.42707687751836365,0.13053988718775178,8,1.0,8,19,923,7,8,112
95BJQLX4Y3,crossover,0.38040931458771554,0.2038678485092667,7,0.0,7,18,878,6,7,85
MCIC4XKTO4,mutation,0.5725445978755572,0.009535320977706152,11,1.0,11,19,948,8,11,240
OSWVYRAPZO,crossover,0.5622108867672291,0.0018802041364490985,10,1.0,10,19,939,8,10,201
KTIWO9QKK1,crossover,0.5441711544688875,0.12726295997851197,7,1.0,7,19,915,7,7,76
S88QIGI061,crossover,0.38040931458771554,0.2038678485092667,7,0.0,7,18,886,6,7,85
75JR5OLBAU,mutation,0.5309235947451671,0.1478109051839914,7,1.0,7,19,986,7,7,76
JOODSIAMT9,crossover,0.38040931458771554,0.2038678485092667,7,0.0,7,18,867,6,7,85
1SNU62YC2V,crossover,0.35113472956750336,0.2033575073865162,9,1.0,9,17,773,5,9,164
HWJA4GJBX4,mutation,0.3551552148838003,0.1994896588772495,9,0.0,9,17,698,5,9,178
WPPF7IBK02,mutation,0.4203193366221608,0.1589041095890411,13,1.0,13,18,1011,7,13,315
1QQ0WDN38K,crossover,0.38015282019211427,0.19307010475423048,12,1.0,12,16,723,6,12,310
EHY86TUACE,crossover,0.4077430627170314,0.022831050228310557,24,1.0,24,9,1067,5,24,761
S0F91AT79J,mutation,0.384452439684024,0.04926134837496643,18,1.0,18,8,557,,18,557
PAZ5BYNOQ4,mutation,0.4035161309767503,0.06822455009401018,20,1.0,20,13,1252,,20,579
HBM6YLMOJF,crossover,0.3949282704081656,0.01721729787805537,15,0.0,15,7,997,5,15,717
9EGEIJEJWS,crossover,0.41111496187167196,0.02546333601933931,24,1.0,24,9,1084,,24,763
IG8IT8JADA,mutation,0.3994365650318866,0.005264571582057509,18,1.0,18,8,968,5,18,750
XVDKHWDQYA,crossover,0.3998741742672547,0.03196347031963476,18,1.0,18,13,1123,,18,554
1MSO2KN6SR,crossover,0.38561199188598594,0.10475423045930699,15,0.0,15,12,1085,5,15,531
Z1V72BDCE4,crossover,0.36741183599841254,0.15208165457964012,11,1.0,11,17,780,5,11,260
NGYLVD230G,crossover,0.3405862643651508,0.17789417136717706,7,0.0,7,16,691,5,7,89
U6VOY7FIDC,crossover,0.46152123689828706,0.07872683319903306,9,0.0,9,19,908,7,9,149
YPZFSPZSN7,crossover,0.38040931458771554,0.2038678485092667,7,0.0,7,18,875,6,7,85
HOA57D8G29,mutation,0.37933417322441354,0.1478646253021757,14,1.0,14,14,807,,14,420
S0L5I2HH0P,crossover,0.48840061772842513,0.021300026860059107,13,1.0,13,13,717,8,13,379
NDYIKAAUOE,crossover,0.4258643404530553,0.13282299221058286,8,1.0,8,19,917,7,8,112
WXHM876LN3,mutation,0.40376786505380824,0.171904378189632,10,0.0,10,18,884,6,10,208
4ICJ8BNS4R,crossover,0.4070948140557342,0.07313994090787007,19,1.0,19,14,1203,,19,533
DJ6QQV34SP,crossover,0.4570077311537063,0.05353209777061507,17,1.0,17,12,1138,8,17,565
0PP81HTFJ5,mutation,0.45407000266313546,0.06038141283910825,21,1.0,21,14,1253,8,21,571
W2E2RDJJC9,crossover,0.4181999849551553,0.04047810905183996,17,1.0,17,7,1129,,17,760
90E8V0M2FS,crossover,0.4548672381783466,0.05581520279344615,19,1.0,19,14,1208,8,19,559
0FRGYJT2VL,mutation,0.4019230452518864,0.06655922643029816,17,1.0,17,12,1133,,17,574
LC9GDAGSDC,mutation,0.3955616442581502,0.09790491539081392,17,1.0,17,15,1120,5,17,491
OPZAARAG3N,mutation,0.39262851266195775,0.06884233145312918,16,0.0,16,10,1088,,16,626
OLXN84T7WL,mutation,0.44118050324449143,0.04335213537469784,20,1.0,20,10,1082,8,20,715
IC5C3KOILA,mutation,0.38612605350693197,0.10966962127316687,15,1.0,15,10,904,,15,555
4J54GEBXCM,crossover,0.45168927738545284,0.06134837496642492,20,1.0,20,13,1205,8,20,596
AJ6RAHII13,crossover,0.39965349108492887,0.09008863819500401,16,1.0,16,13,1136,,16,513
YMZZSMJNPU,mutation,0.4177258526939548,0.011415525114155223,23,1.0,23,6,1255,,23,957
WY7HQSS0PQ,crossover,0.41786425939695104,0.03134568896051576,21,1.0,21,6,1064,,21,936
LOER345EVT,crossover,0.4587323381746311,0.15643298415256515,10,1.0,10,16,790,7,10,206
ZVY07VZUCZ,mutation,0.3513729414300165,0.18640881009938226,9,0.0,9,15,761,5,9,187
0CX0SKTE01,crossover,0.4469625634580562,0.0668815471394037,22,1.0,22,11,1055,8,22,684
ZB2WA9Y7NF,mutation,0.4056295536608039,0.007547676604888531,18,1.0,18,11,1036,,18,622
VA515AHOVL,mutation,0.4289043758360216,0.05213537469782431,22,1.0,22,10,1199,8,22,740
M2CN69RGHS,crossover,0.4060029632320076,0.022911630405586858,20,1.0,20,5,933,,20,933
J7U066D1AS,crossover,0.5622108867672291,0.0018802041364490985,10,1.0,10,19,962,8,10,201
3C05R63HLE,crossover,0.551992321998983,0.07045393499865699,10,0.0,10,19,954,8,10,172
42SYQPXB2G,mutation,0.4304857151360676,0.060918614020950834,25,1.0,25,8,1185,8,25,845
SK7YEMP8MY,crossover,0.40730336843527293,0.0019339242546334567,18,1.0,18,7,947,,18,800
J6J5R755OG,mutation,0.42829198625101383,0.12825678216492076,8,1.0,8,19,912,7,8,111
GRM62GP4XE,crossover,0.3782147317471093,0.20290088638195003,6,0.0,6,18,889,6,6,54
5I7AV9N1MT,crossover,0.4619293299944983,0.07872683319903306,9,0.0,9,19,903,7,9,149
QQ7X852021,crossover,0.38040931458771554,0.2038678485092667,7,0.0,7,18,880,6,7,85
EFMIUALODT,crossover,0.3854467208153938,0.12731668009669628,13,1.0,13,15,734,5,13,373
IFOBZ1PR3Y,crossover,0.3566359166888413,0.17104485629868388,10,0.0,10,11,657,,10,271
SYF6UCN5S9,mutation,0.4017698745976671,0.04697824335213541,20,1.0,20,12,1265,,20,615
XWZQ3SWN5M,mutation,0.4145553003988649,0.11017996239591726,17,1.0,17,9,1052,7,17,645
A2CLAN2KAI,mutation,0.4476216287132996,0.0459844211657266,21,1.0,21,13,1215,8,21,608
B2VWWO79AD,crossover,0.40821292744426785,0.0273972602739726,17,1.0,17,8,1167,,17,717
UOXP1RPHHX,crossover,0.42829198625101383,0.12825678216492076,8,1.0,8,19,902,7,8,111
X27R5FP2CF,crossover,0.38040931458771554,0.2038678485092667,7,0.0,7,18,899,6,7,85
83DDWX8ZZ9,mutation,0.41978258986508643,0.021246306741874832,24,1.0,24,7,1162,,24,895
JP35ETWRP5,crossover,0.41328397490691937,0.041176470588235314,21,1.0,21,7,769,,21,769
04SA872S3O,crossover,0.42707687751836365,0.14687080311576683,8,1.0,8,19,926,7,8,112
OCQHZ6YH05,crossover,0.3782147317471093,0.20290088638195003,6,0.0,6,18,875,6,6,54
PIL3HWKION,crossover,0.403886364932738,0.06919151222132691,21,1.0,21,14,1278,,21,553
S46J37TMFT,crossover,0.4448269989371343,0.051517593338705314,17,1.0,17,7,1104,8,17,747
GIKLRYI30L,crossover,0.4012792543588968,0.09140478109051847,17,1.0,17,14,1148,5,17,509
ZN52V6WPF0,crossover,0.3800851518690336,0.07762557077625576,16,0.0,16,11,1060,,16,593
F89S4LZ8B9,crossover,0.4809867253817547,0.1470319634703196,11,1.0,11,18,882,7,11,240
JM5Z6ZAG55,crossover,0.376449048213633,0.20676873489121672,11,1.0,11,16,819,6,11,261
7WF3E5AQIH,crossover,0.44999076787556336,0.06459844211657262,20,1.0,20,11,1123,8,20,667
HDHLKWIL94,mutation,0.4038771062814306,0.008783239323126524,20,1.0,20,9,1183,,20,733
B07VKFQRXE,crossover,0.4000986187252219,0.09658877249529951,17,1.0,17,15,1110,,17,490
RXC0P1CZMP,crossover,0.3871338564369693,0.06980929358044585,15,0.0,15,10,1098,5,15,594
IQRYOKR615,crossover,0.46685702281450014,0.053881278538812805,20,1.0,20,15,1233,8,20,543
R7TE7XE0NE,crossover,0.3961115930457919,0.08192318023099654,16,1.0,16,11,1108,,16,573
AKJUV1OPL0,crossover,0.3931630699304628,0.08157399946279881,20,1.0,20,15,1198,,20,524
KFF0TFUKZV,mutation,0.3737957557127187,0.11291968842331457,13,0.0,13,10,1010,5,13,495
KSRJNUD01Z,crossover,0.3896208566038307,0.13803384367445604,16,1.0,16,17,1114,,16,435
I4LG277DSS,crossover,0.43891347772187417,0.0760139672307279,13,0.0,13,14,1054,7,13,374
KBSTJJ0OKW,crossover,0.5701548338860744,0.007252215954875102,9,1.0,9,19,948,8,9,158
1A0ZTEG8FY,crossover,0.4619293299944983,0.07872683319903306,9,0.0,9,19,922,7,9,150
XA2DEMYHMV,crossover,0.33234648572906267,0.2131077088369594,6,0.0,6,18,834,5,6,54
1FYHL8DCGQ,crossover,0.3847448140518438,0.1751544453397798,5,0.0,5,18,834,5,5,32
BT8LUQB1OQ,crossover,0.3543340700393317,0.17921031426269135,10,0.0,10,14,928,5,10,253
9NDBN4S024,crossover,0.35445717517819786,0.1818426000537201,9,0.0,9,14,916,5,9,190
RVUFI97945,mutation,0.4073871832743493,0.10676873489121674,21,1.0,21,15,1200,5,21,526
E8762UY0YN,crossover,0.39517460503938684,0.07604082728982009,14,0.0,14,7,1049,,14,658
8KOVYYYVJ0,crossover,0.4290222927195556,0.06908407198495836,22,1.0,22,7,1259,8,22,899
2KM1M8E8J1,crossover,0.42013655854308685,0.01633091592801511,22,1.0,22,7,1219,,22,877
9UC4497RRF,crossover,0.39872199865675373,0.09237174321783503,18,1.0,18,14,1180,,18,522
WR276LK5TD,crossover,0.45266855917925297,0.07179693795326347,18,1.0,18,12,1142,8,18,596
7ZU0LDKNIO,crossover,0.39812197834653595,0.08912167606768734,18,1.0,18,14,1195,,18,518
6W5UJG7R6F,crossover,0.4119252925579717,0.030647327424120352,16,0.0,16,6,1054,5,16,829
083EWFYWML,mutation,0.3554582760516748,0.19492344883158746,9,0.0,9,16,946,5,9,181
CGKXMTFM3A,crossover,0.3503968279228229,0.19685737308622075,9,0.0,9,12,898,5,9,198
JVD26D8FUA,crossover,0.40651608752855306,0.00851463873220526,28,1.0,28,5,1403,,28,1074
DC7SV6ODNZ,crossover,0.4140841174657717,0.04117647058823526,28,1.0,28,4,1386,,28,1173
YUOKS0YLLV,crossover,0.5048473220342595,0.06282567821649207,12,1.0,12,15,1021,8,12,313
VYVJNP4T48,crossover,0.3592715560466734,0.16709642761214077,11,0.0,11,11,976,,11,345
17UT6XNSJ5,crossover,0.40541044733729037,0.08323932312651083,20,1.0,20,15,1194,,20,524
HVA7MELE3V,crossover,0.3752022580887304,0.12336825141015312,13,0.0,13,10,1014,5,13,490
237NI3SS6U,crossover,0.40034155488747414,0.06919151222132691,18,1.0,18,14,1163,,18,521
1JT9P78453,crossover,0.37885771980158334,0.0821917808219178,15,0.0,15,11,1045,5,15,560
BUOL2W8BNS,mutation,0.5714098589474812,0.0009132420091323978,11,1.0,11,17,852,8,11,252
RR9H0954M0,crossover,0.5649019485488985,0.024093473005640603,11,1.0,11,15,813,8,11,264
C3ICTIR235,mutation,0.3964077861839994,0.15358581788879933,19,1.0,19,14,1119,4,19,530
1TX5Q4Q9JL,mutation,0.37451008251337214,0.14426537738383022,13,0.0,13,11,1089,,13,474
672IESYUBB,crossover,0.40446068243083033,0.04144507117915658,18,1.0,18,13,1101,,18,557
ICOG9LXU3U,crossover,0.4748131146241149,0.010153102336825148,15,1.0,15,12,881,8,15,488
LFIVOOZL8Z,crossover,0.4258643404530553,0.1491539081385979,8,1.0,8,19,892,7,8,112
SRJ5Q0OIQ9,mutation,0.38040931458771554,0.2038678485092667,7,0.0,7,18,890,6,7,85
AO7WJQ85OY,mutation,0.41552902308659057,0.13704002148804723,8,1.0,8,23,917,7,8,100
I2Q9ASP3XT,crossover,0.3782147317471093,0.20290088638195003,6,0.0,6,18,865,6,6,54
SIEX7FEMTM,mutation,0.4006914086152912,0.009750201450443141,18,1.0,18,11,1186,,18,624
6W7Q34EUY9,crossover,0.384090303288129,0.09070641955412301,15,0.0,15,11,1089,5,15,565
SQ7LQ3IP0D,crossover,0.3959361397188418,0.09105560032232074,18,1.0,18,14,1148,,18,521
R0RJHV5IQG,mutation,0.378331912041472,0.11388665055063119,19,0.0,19,11,1060,5,19,641
3EUN642AV4,crossover,0.4365184297225083,0.054767660488853065,24,1.0,24,10,1230,8,24,740
5FCT8QBO3M,mutation,0.4022184247341636,0.048294386247649757,16,1.0,16,8,1037,,16,679
9IPUCO7KZO,crossover,0.46799699355205016,0.16266451786193928,10,1.0,10,18,846,7,10,197
96C6E76PB5,crossover,0.38040931458771554,0.2038678485092667,7,0.0,7,17,840,6,7,85
BT8JZ24472,crossover,0.3972899130112677,0.01659951651893632,20,1.0,20,11,1262,,20,655
7425QDKQ2Z,crossover,0.3937144843746616,0.05804458769809295,15,0.0,15,9,987,5,15,624
I9V50VSFIJ,crossover,0.3934086877194596,0.07604082728982009,20,1.0,20,14,1203,,20,545
39QVSQYM2A,crossover,0.4311800250521418,0.10631211388665052,17,1.0,17,11,1017,7,17,585
OMYRDSYUIB,mutation,0.45109369846028313,0.06003223207091052,21,1.0,21,11,1201,8,21,678
5XV3600P2H,crossover,0.4084591960114088,0.02151490733279615,19,1.0,19,7,1066,,19,830
FH8IN1PEEU,crossover,0.41667465649447477,0.05715820574805269,23,1.0,23,13,1223,,23,599
BUMB6L563I,crossover,0.46994681791453585,0.033333333333333326,15,1.0,15,11,1003,8,15,509
FBCCOQ6ZKH,crossover,0.44183274119441285,0.06943325275315604,22,1.0,22,13,1151,7,22,601
6EM4BTFBKG,crossover,0.39517460503938684,0.10870265914585014,15,1.0,15,12,1069,,15,501
R6R5PM9Y66,crossover,0.4627033009155459,0.16363147998925598,10,1.0,10,17,950,7,10,202
OMH7OEQ5D8,crossover,0.411272438820103,0.07724952994896589,8,0.0,8,16,905,6,8,127
RUQ7LFSFWA,crossover,0.42277720652877904,0.0009669621273167284,28,1.0,28,6,1395,,28,983
060BIRTLLV,crossover,0.41073831286625984,0.021246306741874887,28,1.0,28,3,1394,,28,1294
GB2EHZDNUI,mutation,0.4006914086152912,0.05057749127048078,19,1.0,19,13,1106,5,19,563
ENCQW4UJNS,mutation,0.38534793868253514,0.13513295729250602,14,0.0,14,12,1150,,14,498
WSJAZFE92C,mutation,0.3985769847805908,0.061026054257319384,22,1.0,22,10,1189,,22,716
94CJUDUXXR,crossover,0.435569123129235,0.044936878861133456,20,1.0,20,8,1188,8,20,807
5ENHPBLCAQ,crossover,0.44885599533151,0.051866774106903046,22,1.0,22,12,1219,8,22,644
PAH1G56W0X,crossover,0.3928411882567304,0.09202256244963747,16,1.0,16,12,1007,,16,539
0ZX8JKMDOT,mutation,0.442600591115874,0.03387053451517591,22,1.0,22,10,1191,8,22,735
5IMHHZM0C0,crossover,0.40012069976546416,0.05839376846629063,16,1.0,16,11,1035,,16,570
1ULDCXQ7KJ,crossover,0.3539495176727325,0.18149341928552248,10,0.0,10,15,963,5,10,247
3LPFBZRKPE,crossover,0.35571521914498183,0.1994896588772495,9,0.0,9,13,881,5,9,192
A7QJLG0KVV,mutation,0.40186767783829547,0.09957023905452594,21,1.0,21,15,1187,5,21,531
FVNG6S4ZO0,crossover,0.36885832869736734,0.14654848240666124,11,0.0,11,10,982,,11,356
QZKEH18KAY,crossover,0.40117786047416826,0.08780553317217299,22,1.0,22,14,1184,5,22,557
UQRUSOI9C5,crossover,0.3605390715193476,0.15436475960247115,11,0.0,11,11,1024,,11,344
PMC9M59SCW,crossover,0.34110372948239154,0.1929089443996777,6,0.0,6,18,834,5,6,54
C13589MP8A,crossover,0.3847448140518438,0.1751544453397798,5,0.0,5,18,834,5,5,32
W1JXLUHAVK,crossover,0.33234648572906267,0.2131077088369594,6,0.0,6,18,834,5,6,54
VHJJT5DK73,crossover,0.3847448140518438,0.1751544453397798,5,0.0,5,18,834,5,5,32
UTASEC9DC6,crossover,0.4689148888674338,0.16038141283910826,10,1.0,10,18,847,7,10,197
3Q7ACCMVXG,crossover,0.38040931458771554,0.2038678485092667,7,0.0,7,17,839,6,7,85
96CLGNGNJ4,crossover,0.4009308999390575,0.11001880204136444,21,1.0,21,15,1221,5,21,528
MQP0AHJVPB,crossover,0.3789661341584688,0.12240128928283639,12,0.0,12,10,987,,12,427
PEO63MHNXE,mutation,0.3628026999804197,0.20405586892291167,10,1.0,10,15,1118,5,10,226
T2P6XY2068,crossover,0.37614109820121566,0.10475423045930699,13,0.0,13,10,1090,,13,495
044IFQGIH0,mutation,0.3810117814574705,0.12143432715551977,13,1.0,13,13,1129,5,13,396
FGLOTIZESG,crossover,0.37290443152916375,0.1837765243083535,11,0.0,11,12,1079,,11,332
WQ442QH27N,crossover,0.33234648572906267,0.2131077088369594,6,0.0,6,18,834,5,6,54
P63C8T0GGO,mutation,0.4122407228670215,0.1886650550631211,5,0.0,5,18,834,6,5,32
OW19SNS9LZ,mutation,0.4502918953178586,0.05089981197958632,18,1.0,18,14,1187,8,18,545
87PBRVNW73,crossover,0.3992289041801452,0.04144507117915658,18,1.0,18,10,1039,,18,663
XC0WSV8ZWG,crossover,0.4686032081997762,0.15809830781627718,9,1.0,9,18,844,7,9,153
NE0R9OKN0G,crossover,0.411272438820103,0.07724952994896589,8,0.0,8,17,842,6,8,124
DSXG5DM7U1,crossover,0.40635429395777933,0.020547945205479423,23,1.0,23,11,1132,,23,677
PBDO49V2WD,crossover,0.375909351044465,0.15962933118452866,11,0.0,11,9,1117,5,11,368
W0OTOLVOEY,crossover,0.3892520408656952,0.14101531023368252,15,1.0,15,17,1023,5,15,411
DKKUS243TM,mutation,0.364174467256139,0.16287939833467635,12,0.0,12,15,995,5,12,347
J7JPLLAM50,crossover,0.46882759984542055,0.1300026860059092,11,1.0,11,16,940,7,11,252
BRK1CFYG79,crossover,0.388379702013976,0.13529411764705884,9,0.0,9,13,897,6,9,186
VCO8ICDQGQ,mutation,0.41517029321232024,0.015363953800698438,28,1.0,28,5,1406,,28,1071
IOMXTMCZW2,crossover,0.4138580841972076,0.002632285791028699,28,1.0,28,4,1386,,28,1175
IGFYY3Y59R,crossover,0.45655864545626523,0.05941445071179152,18,1.0,18,15,1016,8,18,517
LT1EKOLQJN,mutation,0.39772596249823666,0.09922105828632821,16,1.0,16,13,968,,16,510
L05FUW5UDF,crossover,0.4614474440427546,0.15546602202524842,9,1.0,9,18,847,7,9,152
XTVVI56ZLO,mutation,0.5528061512092028,0.05280687617512758,8,0.0,8,17,839,7,8,114
U4WT2F3OC0,crossover,0.4686032081997762,0.14176739188826212,9,1.0,9,18,844,7,9,153
EOPOO6VB5T,crossover,0.411272438820103,0.07724952994896589,8,0.0,8,17,842,6,8,124
9UV94SLSG8,crossover,0.41284953128938073,0.058125167875369366,20,1.0,20,13,1206,5,20,577
80AQU6C2OE,mutation,0.37171562369721334,0.14294923448831592,13,0.0,13,12,1074,,13,452
6ELAX6D1UM,crossover,0.33234648572906267,0.2131077088369594,6,0.0,6,18,834,5,6,54
42PDE8MCGH,crossover,0.38684934428937034,0.17287134031694867,5,0.0,5,18,834,5,5,32
MV3WFLFKHU,mutation,0.40262111434433934,0.04926134837496643,22,1.0,22,12,1251,,22,627
OX8E62MIZG,crossover,0.4463900143163281,0.031936610260542564,17,1.0,17,10,1144,8,17,637
P100YGM84D,mutation,0.40288726009146825,0.05154445339779745,21,1.0,21,12,1283,,21,620
6DGE0WRH7B,crossover,0.4334784541106087,0.05705076551168414,18,1.0,18,10,1112,8,18,675
LBZZ5B5N54,crossover,0.4686032081997762,0.15809830781627718,9,1.0,9,17,942,7,9,155
S8CKD183CO,mutation,0.3835313819447256,0.16892291163040563,9,0.0,9,16,913,6,9,170
0C4ZQ4SQBN,crossover,0.4614474440427546,0.15546602202524842,9,1.0,9,18,844,7,9,152
8H8EIZV5P9,mutation,0.4183233226470796,0.06355089981197959,8,0.0,8,12,842,6,8,135
PTDYZ5KILN,crossover,0.4076610610638475,0.0662906258393769,21,1.0,21,12,1222,,21,622
CECCZ7GA0M,crossover,0.45785204202517105,0.04308353478377652,17,1.0,17,12,1004,8,17,567
BHY868RXE5,mutation,0.42760310793231415,0.09323126510878321,20,1.0,20,14,1181,7,20,550
IJZBSQPFX9,crossover,0.40059932204702675,0.0273972602739726,18,1.0,18,10,1045,,18,663
GCP1XQQ6A0,crossover,0.3478224394616152,0.17561106634434603,10,0.0,10,15,993,5,10,248
A8DFRB17VP,mutation,0.35249030153370486,0.18544184797206553,9,0.0,9,15,915,,9,186
2A7ZBBTVDL,mutation,0.4121092730038809,0.005533172172978773,28,1.0,28,6,1404,,28,983
IFY527OI1L,crossover,0.42732547558419265,0.008783239323126524,28,1.0,28,3,1385,,28,1294
R5W5XKX4RV,crossover,0.4178452976295285,0.050308890679559515,23,1.0,23,10,1272,,23,712
VIR7K71GNI,crossover,0.4364067788124467,0.06030083266183184,18,1.0,18,7,1164,8,18,794
5S9XSH5Q5C,crossover,0.3588737115848962,0.19879129734085416,11,0.0,11,16,978,5,11,292
CHN9EO1FWV,crossover,0.3433995422832653,0.2174053182917003,8,0.0,8,14,930,,8,135
CCE315HHFF,crossover,0.36520480332889416,0.1272360999194198,12,1.0,12,16,991,,12,316
J2F6GZ82WL,crossover,0.5011426868706917,0.05922643029814667,12,0.0,12,13,935,8,12,292
I2P3LCOIVP,crossover,0.3958758394063947,0.006150953532097714,20,1.0,20,11,1246,,20,651
ML0E8R3TM0,crossover,0.4339384798022974,0.06355089981197959,20,1.0,20,8,1021,8,20,805
8KQDMYX4VU,crossover,0.4091500413695842,0.03327961321514905,22,1.0,22,11,1258,,22,665
ZBRTKFKQCT,crossover,0.38213629059058885,0.132849852269675,13,0.0,13,9,991,5,13,515
4IPJ0ARF3A,crossover,0.40651608752855306,0.02414719312382485,25,1.0,25,8,1321,,25,834
DPXFK319S1,mutation,0.4136246080215261,0.07182379801235561,17,0.0,17,6,1168,,17,874
V0GPBWDHU0,crossover,0.5052197573468019,0.06282567821649207,12,1.0,12,15,904,8,12,313
31EC4YVLQZ,mutation,0.5270473485365413,0.06255707762557078,11,0.0,11,15,939,8,11,229
1TC0WQWE2Q,crossover,0.40045937755196004,0.03196347031963476,23,1.0,23,11,1228,5,23,679
IQ4N79WDYX,crossover,0.37696795167572783,0.1295997851195273,12,0.0,12,9,1021,,12,442
SVJIT6TDN0,mutation,0.41021590022125964,0.04276121407467098,22,1.0,22,13,1204,,22,597
4DU9SF1I55,crossover,0.46173037159364805,0.023502551705613717,16,1.0,16,11,1022,8,16,556
JRDCO4425G,mutation,0.42440116112580906,0.0019339242546333457,23,1.0,23,7,1186,,23,881
O98IH2AJ80,crossover,0.40772256123936856,0.04697824335213541,21,0.0,21,6,1232,,21,954
APM2ZHHOJ4,crossover,0.4614474440427546,0.1391351060972334,9,1.0,9,18,847,7,9,152
4TA3T0DDNI,crossover,0.4124417102050668,0.07496642492613481,8,0.0,8,17,839,6,8,124
26HHRPM2V1,mutation,0.34110372948239154,0.1929089443996777,6,0.0,6,18,834,5,6,54
1RXV6K26US,crossover,0.38684934428937034,0.17287134031694867,5,0.0,5,18,834,5,5,32
ABT1QNECES,mutation,0.40329410086706075,0.05777598710717169,20,1.0,20,13,1235,,20,578
AZH29LQ3SO,crossover,0.3736758992385565,0.13381681439699172,13,0.0,13,12,973,5,13,454
T5A809TDXK,crossover,0.3670263141043042,0.13900080580177276,12,1.0,12,17,938,,12,305
JR23LYGCO7,crossover,0.57609200694351,0.010394842868654303,11,1.0,11,16,905,8,11,257
S4OVT202TA,crossover,0.40693472386330387,0.08912167606768734,19,1.0,19,15,1112,,19,518
Q9Y31685HL,crossover,0.3775795017990543,0.1119527262959979,13,0.0,13,10,1096,5,13,498
MIDG3I4CCN,crossover,0.3972899130112677,0.008434058554928847,18,1.0,18,11,1261,,18,624
0CT4TTRP2Y,crossover,0.3950815335000253,0.07244157937147461,17,0.0,17,9,988,5,17,680
V1BPB1W89Y,mutation,0.37329709208161543,0.16365834004834812,9,1.0,9,18,843,6,9,164
K3ASPK10LT,mutation,0.4124417102050668,0.07496642492613481,8,0.0,8,17,843,6,8,124
LL7XKB19RV,crossover,0.398600845419919,0.06067687348912165,17,1.0,17,10,1158,5,17,638
E0U0F17GKP,crossover,0.3929648288226839,0.05839376846629063,17,0.0,17,10,1091,,17,650
HSIIPUYEY6,crossover,0.40186767783829547,0.026081117378458307,24,1.0,24,10,1273,,24,721
JYIN5QR8YW,mutation,0.43496904615227006,0.0688154713940371,19,1.0,19,8,621,8,19,621
99YNKYRDAP,crossover,0.4095013751690575,0.03099650819231803,21,1.0,21,13,1119,,21,588
4WTXZA2WCK,crossover,0.4549441905695768,0.05221595487510072,17,1.0,17,11,1107,8,17,599
SSBXP3TYP5,mutation,0.4045719046407028,0.07279076013967234,20,1.0,20,12,1225,5,20,616
PSUBISZIXY,crossover,0.38882926158546194,0.07472468439430563,14,0.0,14,8,1024,,14,620
30BUVMJ933,crossover,0.4017698745976671,0.04697824335213541,18,1.0,18,13,1177,5,18,558
5ZJE0T7MXC,crossover,0.384090303288129,0.09887187751813054,15,0.0,15,12,1031,,15,532
ZBOXMU1CGH,crossover,0.46276904739920655,0.1531829170024174,9,1.0,9,18,844,7,9,152
F6HKPYSC8F,crossover,0.4124417102050668,0.07496642492613481,8,0.0,8,17,842,6,8,124
I3VUKD3QG4,mutation,0.3854467208153938,0.15181305398871875,15,1.0,15,14,1194,5,15,455
0WLMRTV664,crossover,0.3761234045436731,0.07271017996239593,15,0.0,15,11,1014,,15,561
22UFNQUQCX,mutation,0.41176013466151673,0.10905183991404788,22,1.0,22,15,1150,,22,533
5L3LLT520I,mutation,0.4375851255589144,0.05345151759333866,18,1.0,18,8,1158,8,18,749
6VWZUYCF5F,crossover,0.41008864396161615,0.06365834004834814,20,1.0,20,13,1213,5,20,582
V8JBBEB9F8,crossover,0.38143992483814004,0.15866236905721193,12,0.0,12,12,995,,12,399
SG49WE6QSI,crossover,0.39763799433337677,0.04697824335213541,24,1.0,24,10,1164,,24,725
353FDHQ69S,crossover,0.45249514308053285,0.03456889605157132,16,1.0,16,9,1103,8,16,622
E4DNAO0ZL3,mutation,0.4948582112168989,0.1019876443728176,10,0.0,10,17,893,7,10,199
UYG81NW4GN,mutation,0.3829622330902216,0.15487510072522165,9,0.0,9,14,876,6,9,181
2K69LISFH5,mutation,0.40745238079000123,0.0365296803652968,22,1.0,22,12,1221,,22,630
39ZZK0TEFE,crossover,0.46779784093472465,0.0388665055063121,16,1.0,16,12,1005,8,16,528
G3XAD9N06Q,crossover,0.46994681791453585,0.15581520279344616,9,1.0,9,18,843,7,9,153
Y3I0HCTPRQ,crossover,0.411272438820103,0.07724952994896589,8,0.0,8,17,843,6,8,124
UEZ155JZAG,mutation,0.4021297955665072,0.08227236099919427,20,1.0,20,14,1172,5,20,546
QHKJDD1BEV,crossover,0.366156699518308,0.11616975557346232,13,0.0,13,11,1036,,13,477
MWNT90Q6DX,mutation,0.33234648572906267,0.2131077088369594,6,0.0,6,18,834,5,6,54
IQF6W5W1UQ,mutation,0.3847448140518438,0.1751544453397798,5,0.0,5,18,873,5,5,32
7JDGDW7R6E,crossover,0.40862343203077534,0.1211657265645984,21,1.0,21,14,1108,5,21,555
P5K7EE49OC,crossover,0.3748860930361424,0.1387322052108515,12,0.0,12,11,1100,,12,418
ONLTVVMYJQ,crossover,0.3989221385300604,0.06655922643029816,17,1.0,17,13,1163,5,17,541
X1WOMP9DMV,crossover,0.3764278053992508,0.0704270749395649,15,0.0,15,12,1045,,15,534
219RXQSI5M,mutation,0.4057521398850914,0.1054525919957024,20,1.0,20,14,1185,5,20,543
L5STLFL5WO,mutation,0.37713983407622254,0.14654848240666124,13,0.0,13,12,1023,,13,456
9DGH15AYP9,crossover,0.4614474440427546,0.15546602202524842,9,1.0,9,18,844,7,9,152
WGPRL1PVCT,mutation,0.40267285561901567,0.17418748321246302,10,0.0,10,17,842,6,10,213
E45Z9TI3QZ,mutation,0.48238380267932324,0.12841794251947355,11,1.0,11,18,847,7,11,240
2A6X5FERMZ,crossover,0.411272438820103,0.07724952994896589,8,0.0,8,17,839,6,8,124
A0T96EVT79,crossover,0.3342140516649865,0.20854149879129735,6,0.0,6,18,834,5,6,54
BIEAHTZX8M,crossover,0.3847448140518438,0.1751544453397798,5,0.0,5,18,834,5,5,32
TSPNN2ONCD,crossover,0.4068007280920195,0.10676873489121674,21,1.0,21,15,1180,,21,528
CSY6TSQWY4,mutation,0.3485489527425709,0.17703464947622882,11,0.0,11,10,1028,4,11,366
HR109L1WUP,crossover,0.4170608217985673,0.002283105022831078,28,1.0,28,5,1397,,28,1078
9LEYYL2MA6,crossover,0.413058249775901,0.013080848777867304,28,1.0,28,4,1392,,28,1176
6FAAZJTIPC,crossover,0.42465435879577373,0.13510609723341388,8,1.0,8,18,844,7,8,112
RZNQZNXTQJ,crossover,0.411272438820103,0.07724952994896589,8,0.0,8,17,842,6,8,124
IAMWEL0P1F,crossover,0.41284201128747566,0.0022831050228310223,23,1.0,23,8,1228,,23,823
TI8U85Y4X8,crossover,0.4150646042791746,0.05777598710717169,19,0.0,19,5,1223,,19,1001
FEVWRGBHMS,crossover,0.4508886148358886,0.03096964813322589,21,1.0,21,12,1264,8,21,637
R3U1DZ9YW8,crossover,0.41209988485260407,0.016948697287134107,19,1.0,19,7,1003,,19,828
DNM3KKSSUG,mutation,0.40262111434433934,0.06559226430298143,17,1.0,17,13,1113,,17,540
R7WHIQBN1V,crossover,0.3843627821241553,0.06849315068493156,16,0.0,16,12,1095,5,16,561
RPHC11CD4X,crossover,0.4031590729569803,0.046011281224818734,22,1.0,22,10,1127,,22,714
YMB8MJ0FDE,crossover,0.3740267203759814,0.11520279344614559,13,0.0,13,10,1122,5,13,496
14ZETB8JD3,crossover,0.3988560299181175,0.06005909213000271,18,1.0,18,13,1178,,18,552
K3Q542MIZA,mutation,0.3746918809657668,0.11028740263228587,15,0.0,15,13,1030,5,15,504
WCGSLTUZVQ,crossover,0.4034846716866769,0.07604082728982009,19,1.0,19,15,1173,5,19,516
SPPBEBAVNW,crossover,0.38356719503436887,0.06980929358044585,14,0.0,14,10,1035,,14,548
VAGTTP9WLP,crossover,0.40366049487802036,0.05549288208434067,20,1.0,20,13,1158,,20,581
G0ENMW3005,crossover,0.3720530444233249,0.1406661294654848,13,0.0,13,12,1050,5,13,451
NGGAZRPQR9,crossover,0.38192194064158735,0.17104485629868388,14,1.0,14,15,1116,,14,410
OHKKUR6CE6,crossover,0.350153877953868,0.1850926672038678,10,0.0,10,14,979,5,10,252
B4GEM9Q20V,crossover,0.38296938893506327,0.1237174321783508,13,1.0,13,15,1143,,13,371
S7LUZBZKU8,crossover,0.35510215103026355,0.1733279613215149,10,0.0,10,14,952,5,10,253
KHXOKKMPOJ,crossover,0.40229598603655137,0.09535320977706152,21,1.0,21,14,1230,,21,551
3SQMF8DUIJ,mutation,0.40188059644303564,0.16698898737577222,12,0.0,12,11,978,6,12,376
XFPFVMGTXI,crossover,0.44012667325608956,0.03158742949234489,21,1.0,21,10,1149,8,21,730
XI5U0BMUEJ,crossover,0.4028059251957714,0.007467096427612119,19,1.0,19,9,1118,,19,721
LXWGTISIFX,crossover,0.4094153912026174,0.01598173515981738,25,1.0,25,9,1336,,25,766
8LO52AQ21S,mutation,0.4101597543693757,0.04539349986569974,21,1.0,21,9,1299,,21,741
OK8OPUTGJ3,mutation,0.37874221712727296,0.10703733548213812,13,1.0,13,16,1141,,13,357
3A9DRK2ZTX,crossover,0.3608809544674668,0.1765780284716626,11,0.0,11,13,1042,5,11,320
508LLSKUCK,mutation,0.4593526650409673,0.08100993822186409,9,0.0,9,14,891,7,9,170
CXD0YGZ5MK,crossover,0.3829622330902216,0.15487510072522165,9,0.0,9,14,878,6,9,181
BL3U3PT2T2,crossover,0.46276904739920655,0.13685200107440237,9,1.0,9,18,844,7,9,152
OBYQPTBC8G,mutation,0.38040931458771554,0.2038678485092667,7,0.0,7,19,842,6,7,83
2416HUG43G,crossover,0.3342140516649865,0.20854149879129735,6,0.0,6,18,834,5,6,54
IWP5OWZ49Z,crossover,0.3847448140518438,0.1751544453397798,5,0.0,5,18,834,5,5,32
0Q57XGKAS9,crossover,0.4140087633554306,0.058125167875369366,23,1.0,23,13,1182,,23,600
831V6FC5CQ,crossover,0.38331654708263485,0.09957023905452594,12,0.0,12,7,1067,5,12,490
KSEM3MR9M6,mutation,0.4570809205688987,0.05809830781627717,20,1.0,20,14,1143,8,20,568
XO593AK2F2,mutation,0.3982833928591649,0.030298146655922564,18,1.0,18,10,1109,,18,667
6QAYZ3NTZL,mutation,0.4045719046407028,0.1054525919957024,21,1.0,21,15,1194,,21,530
KXEJLS870Q,crossover,0.3738997674203337,0.12600053720118182,12,0.0,12,10,1014,5,12,431
F7PAC6GQFP,crossover,0.3988156337895091,0.09597099113618052,20,1.0,20,14,1152,,20,546
5LRJ0VVWEM,crossover,0.3720530444233249,0.1406661294654848,13,0.0,13,11,1056,5,13,475
J1TTQ0WOI9,crossover,0.4050058699148814,0.09825409615901154,20,1.0,20,15,1179,,20,525
0M8H7EGIC1,mutation,0.38099751511150803,0.1309159280150416,12,0.0,12,10,1088,5,12,431
KA03BY5RB4,crossover,0.40566669833142344,0.06919151222132691,20,1.0,20,12,1190,,20,614
WZWEGE4EMC,mutation,0.42129131312898127,0.05925329035723875,16,0.0,16,9,1075,7,16,621
V58XWINQHZ,crossover,0.4095817628092028,0.06040827289820039,21,1.0,21,13,1121,,21,583
YJ83KK8DYW,mutation,0.37663141214335616,0.1550631211388665,12,0.0,12,12,1087,5,12,396
JWNFHM0CL2,mutation,0.40825396508807854,0.04864356701584749,21,1.0,21,11,1154,5,21,660
A4EA8JK8OQ,mutation,0.3961115930457919,0.08192318023099654,14,0.0,14,7,907,,14,665
P98FKKUJOF,mutation,0.39940531943039503,0.08780553317217299,17,1.0,17,14,1166,5,17,509
NVLJZ7BXMS,crossover,0.3818933662646803,0.07762557077625576,16,0.0,16,11,1042,,16,594
IFXDB7X6US,crossover,0.4614474440427546,0.1391351060972334,9,1.0,9,18,845,7,9,152
WC6E9HU3NK,crossover,0.38040931458771554,0.2038678485092667,7,0.0,7,17,841,6,7,85
YB6L7B7CZW,mutation,0.3981880063234394,0.16894977168949776,19,1.0,19,14,1168,4,19,532
B8ZVZPIL71,crossover,0.37561757817063035,0.09983883964544721,14,0.0,14,11,1040,,14,524
J10TYCJ147,mutation,0.385234807743039,0.14136449100188025,13,1.0,13,14,1138,5,13,376
ZA2C8C591F,crossover,0.35817506741840976,0.17069567553048615,11,0.0,11,14,957,,11,311
AR0QQYLN0S,crossover,0.47205645124249007,0.08495836690840719,9,0.0,9,16,891,7,9,161
ZKG9TMZ4M1,mutation,0.3862069765284798,0.16435670158474347,9,0.0,9,15,832,6,9,177
1AHSA2SEJP,crossover,0.4636779952030786,0.15906526994359388,9,1.0,9,18,847,7,9,153
72OJL8AGP4,mutation,0.3422506342170146,0.2174053182917003,8,0.0,8,17,839,5,8,131
BTHZI49V7U,crossover,0.34303315169338155,0.18834273435401555,6,0.0,6,18,834,5,6,54
7H79N7EGYX,crossover,0.38684934428937034,0.17287134031694867,5,0.0,5,18,834,5,5,32
LEVXHFWNCE,crossover,0.38342395515676087,0.12828364222401284,13,1.0,13,15,1085,,13,376
13RJPVYRIV,mutation,0.35276653197356844,0.18342734354015577,11,0.0,11,14,1010,5,11,309
XMX3EMDTHC,mutation,0.48299834623430105,0.06994359387590648,15,0.0,15,14,922,8,15,427
PU2UWX6VVI,crossover,0.47088478510603626,0.08820843405855489,10,0.0,10,13,904,7,10,229
PZK6FLQJGN,crossover,0.39705552940860034,0.09202256244963747,17,1.0,17,15,1152,5,17,491
UDHW4JL0UI,crossover,0.38980173005233687,0.05576148267526193,16,0.0,16,10,1056,,16,624
PN9OMX1S5V,crossover,0.41878464768663637,0.01044856298683855,28,1.0,28,5,1395,,28,1076
X6LF653KWJ,crossover,0.4111618256091728,0.024845554660220204,28,1.0,28,4,1394,,28,1178
